,朝楼,YearMonth,老老荐劳伏_714157,老老荐劳伏_714207,老老荐劳伏_714243,老老荐劳伏_Opt,穿利荐劳伏,弥绊穿利,DD,MDD
0,20170102,201701,0.0085,0.023799999999999998,0.0353,0.022510799999999997,1.0225108,1.0225108,0.0,0.0
1,20170103,201701,-0.0019,0.0044,0.0075,0.0033300000000000005,1.0259157609640002,1.0259157609640002,0.0,0.0
2,20170104,201701,0.0097,-0.0091,-0.0022,-0.0005328000000000006,1.0253691530465585,1.0259157609640002,-0.0005327999999999999,-0.0005327999999999999
3,20170105,201701,0.009300000000000001,0.008,0.0098,0.0090243,1.0346223918943966,1.0346223918943966,0.0,-0.0005327999999999999
4,20170106,201701,0.0064,0.0023,-0.0045000000000000005,0.0013985999999999998,1.0360694147717,1.0360694147717,0.0,-0.0005327999999999999
5,20170109,201701,0.0068000000000000005,0.0053,0.0055000000000000005,0.005860800000000001,1.042141610397794,1.042141610397794,0.0,-0.0005327999999999999
6,20170110,201701,0.0013,0.0073,0.0031,0.0038961000000000004,1.0462018983260648,1.0462018983260648,0.0,-0.0005327999999999999
7,20170111,201701,0.0027,-0.0029,0.0068000000000000005,0.0021978,1.048501240858206,1.048501240858206,0.0,-0.0005327999999999999
8,20170112,201701,0.0051,0.009899999999999999,0.0004,0.0051282,1.053878164921575,1.053878164921575,0.0,-0.0005327999999999999
9,20170113,201701,0.0083,-0.0022,0.0078000000000000005,0.0046286999999999995,1.0587562507835475,1.0587562507835475,0.0,-0.0005327999999999999
10,20170116,201701,-0.018500000000000003,0.0055000000000000005,0.0002,-0.004262400000000001,1.0542434081402077,1.0587562507835475,-0.0042623999999999995,-0.0042623999999999995
11,20170117,201701,0.0108,-0.0033,0.009300000000000001,0.005594400000000001,1.0601412674627073,1.0601412674627073,0.0,-0.0042623999999999995
12,20170118,201701,-0.0127,-0.0001,-0.006999999999999999,-0.0065934,1.0531513320298187,1.0601412674627073,-0.0065933999999999715,-0.0065933999999999715
13,20170119,201701,-0.0024,0.0154,0.0027,0.0052281,1.058657312508804,1.0601412674627073,-0.001399770954539914,-0.0065933999999999715
14,20170120,201701,0.0006,0.0028000000000000004,-0.0069,-0.0011654999999999999,1.0574234474110749,1.0601412674627073,-0.0025636395214924113,-0.0065933999999999715
15,20170123,201701,-0.0068000000000000005,-0.0069,-0.0009,-0.0048618,1.0522824660944516,1.0601412674627073,-0.0074129756188668905,-0.0074129756188668905
16,20170124,201701,-0.0215,-0.0002,-0.0259,-0.0158508,1.0356029471808816,1.0601412674627073,-0.023146274024927416,-0.023146274024927416
17,20170125,201701,-0.0001,0.010700000000000001,0.0072,0.005927400000000001,1.0417413800900017,1.0601412674627073,-0.017356071249582605,-0.023146274024927416
18,20170126,201701,0.010700000000000001,0.0049,0.0101,0.0085581,1.05065670699495,1.0601412674627073,-0.008946506242943686,-0.023146274024927416
19,20170131,201701,0.0189,0.0199,0.0104,0.0163836,1.0678702462196723,1.0678702462196723,0.0,-0.023146274024927416
20,20170201,201702,0.0027,0.004,0.0034999999999999996,0.003941859000000001,1.0720796401605655,1.0720796401605655,0.0,-0.023146274024927416
21,20170202,201702,-0.0034999999999999996,-0.008199999999999999,-0.0029,-0.007983861,1.0635203053325935,1.0720796401605655,-0.007983861000000037,-0.023146274024927416
22,20170203,201702,0.0092,0.0154,0.0101,0.015117756000000001,1.0795983458096572,1.0795983458096572,0.0,-0.023146274024927416
23,20170206,201702,0.008,-0.0012,-0.005699999999999999,-0.0008022059999999999,1.0787322855390586,1.0795983458096572,-0.0008022059999999165,-0.023146274024927416
24,20170207,201702,0.0045000000000000005,-0.0007000000000000001,0.002,-0.00046624600000000013,1.0782293309258553,1.0795983458096572,-0.0012680779746612192,-0.023146274024927416
25,20170208,201702,-0.020499999999999997,0.0022,-0.0043,0.0011885610000000003,1.0795108722576499,1.0795983458096572,-8.102416268684909e-05,-0.023146274024927416
26,20170209,201702,0.0115,0.0212,0.0031,0.020741751000000003,1.101901817971811,1.101901817971811,0.0,-0.023146274024927416
27,20170210,201702,-0.0026,-0.009399999999999999,-0.0108,-0.009102704,1.0918715318857517,1.101901817971811,-0.009102704000000017,-0.023146274024927416
28,20170213,201702,0.005699999999999999,0.0064,0.005,0.006366771,1.0988232278906873,1.101901817971811,-0.0027938878318489735,-0.023146274024927416
29,20170214,201702,0.0199,0.028399999999999998,0.018799999999999997,0.028009085,1.1296002610806521,1.1296002610806521,0.0,-0.023146274024927416
30,20170215,201702,0.0076,0.0138,0.0084,0.013517586,1.1448697297554324,1.1448697297554324,0.0,-0.023146274024927416
31,20170216,201702,-0.0074,0.0043,0.008199999999999999,0.003791011,1.1492099434945022,1.1492099434945022,0.0,-0.023146274024927416
32,20170217,201702,-0.0016,-0.0101,-0.008199999999999999,-0.009722175,1.1380371233121085,1.1492099434945022,-0.009722175000000055,-0.023146274024927416
33,20170220,201702,0.0084,0.0105,-0.0024,0.010385523,1.1498562340311203,1.1498562340311203,0.0,-0.023146274024927416
34,20170221,201702,-0.0024,0.0075,0.0086,0.007065577,1.1579806317915973,1.1579806317915973,0.0,-0.023146274024927416
35,20170222,201702,0.008199999999999999,0.0191,0.0055000000000000005,0.018596517000000003,1.1795150382963804,1.1795150382963804,0.0,-0.023146274024927416
36,20170223,201702,0.002,0.0027,0.0032,0.002670001,1.1826643446281468,1.1826643446281468,0.0,-0.023146274024927416
37,20170224,201702,-0.0032,-0.0025,0.0008,-0.002525239,1.1796778345011825,1.1826643446281468,-0.0025252389999999014,-0.023146274024927416
38,20170227,201702,-0.0006,-0.0078000000000000005,-0.0028000000000000004,-0.007474196000000001,1.1708606911492652,1.1826643446281468,-0.009980560868766974,-0.023146274024927416
39,20170228,201702,-0.0001,0.0046,-0.0029,0.004380121,1.1759892026506427,1.1826643446281468,-0.005644155933020034,-0.023146274024927416
40,20170302,201703,0.0014000000000000002,0.0074,0.015,0.00308098,1.1796124018642253,1.1826643446281468,-0.00258056546456642,-0.023146274024927416
41,20170303,201703,0.018000000000000002,-0.0017000000000000001,0.0031,0.012531363000000002,1.1943945530712876,1.1943945530712876,0.0,-0.023146274024927416
42,20170306,201703,0.0037,0.0024,-0.0108,0.0033161470000000006,1.1983553409852714,1.1983553409852714,0.0,-0.023146274024927416
43,20170307,201703,0.0143,0.012,0.006,0.013650377,1.214713343169684,1.214713343169684,0.0,-0.023146274024927416
44,20170308,201703,-0.0046,0.0070999999999999995,0.0051,-0.0013506830000000003,1.2130726505071916,1.214713343169684,-0.0013506829999998526,-0.023146274024927416
45,20170309,201703,-0.0105,0.0074,0.0042,-0.005529061000000001,1.2063654978251057,1.214713343169684,-0.0068722759913011355,-0.023146274024927416
46,20170310,201703,-0.0034999999999999996,-0.0336,-0.0183,-0.011842090999999999,1.1920796078206004,1.214713343169684,-0.018632984873635183,-0.023146274024927416
47,20170313,201703,0.0024,0.0106,0.0171,0.0046907319999999995,1.197671333783552,1.214713343169684,-0.014029655212037362,-0.023146274024927416
48,20170314,201703,0.0076,-0.0011,0.011399999999999999,0.005202563,1.203902294350855,1.214713343169684,-0.008900082377146235,-0.023146274024927416
49,20170315,201703,0.011699999999999999,-0.018500000000000003,-0.024900000000000002,0.003293217999999999,1.2078670070568527,1.214713343169684,-0.0056361742886320565,-0.023146274024927416
50,20170316,201703,0.0086,0.010700000000000001,0.0022,0.009169371,1.2189423877632166,1.2189423877632166,0.0,-0.023146274024927416
51,20170317,201703,0.011899999999999999,0.0062,0.0058,0.010314663,1.2315153677094095,1.2315153677094095,0.0,-0.023146274024927416
52,20170320,201703,-0.012199999999999999,0.0046,-0.0105,-0.007555101999999999,1.2222111434917975,1.2315153677094095,-0.00755510199999998,-0.023146274024927416
53,20170321,201703,0.0034999999999999996,0.0009,0.0032,0.0027810839999999996,1.2256102153475843,1.2315153677094095,-0.00479502937329046,-0.023146274024927416
54,20170322,201703,0.0215,0.0121,0.0172,0.018895376,1.2487685811960179,1.2487685811960179,0.0,-0.023146274024927416
55,20170323,201703,-0.0051,-0.0049,-0.011200000000000002,-0.005055108,1.2424559211510653,1.2487685811960179,-0.005055107999999975,-0.023146274024927416
56,20170324,201703,0.0232,-0.008,0.0115,0.014559237999999999,1.2605451326116128,1.2605451326116128,0.0,-0.023146274024927416
57,20170327,201703,-0.0059,0.0101,0.0,-0.0014690100000000002,1.258693379206355,1.2605451326116128,-0.0014690099999999928,-0.023146274024927416
58,20170328,201703,0.0039000000000000003,0.0209,0.013600000000000001,0.00861376,1.2695354618884276,1.2695354618884276,0.0,-0.023146274024927416
59,20170329,201703,-0.0036,0.0070999999999999995,0.01,-0.0006203630000000002,1.268747889060684,1.2695354618884276,-0.0006203630000000127,-0.023146274024927416
60,20170330,201703,0.012199999999999999,0.0029,0.0063,0.009620287,1.280953607884092,1.280953607884092,0.0,-0.023146274024927416
61,20170331,201703,0.0141,0.0084,0.0085,0.012515512999999999,1.2969853994159624,1.2969853994159624,0.0,-0.023146274024927416
62,20170403,201704,0.0203,-0.0034999999999999996,-0.0067,0.012615480999999998,1.313347494079572,1.313347494079572,0.0,-0.023146274024927416
63,20170404,201704,-0.0148,-0.03,-0.0039000000000000003,-0.019637396999999997,1.2875567679393762,1.313347494079572,-0.019637397,-0.023146274024927416
64,20170405,201704,0.0019,0.0167,0.014199999999999999,0.006667483999999999,1.2961415320887038,1.313347494079572,-0.01310084503029918,-0.023146274024927416
65,20170406,201704,0.0154,0.0032,0.0023,0.011462785,1.3109989238006072,1.313347494079572,-0.0017882322001997464,-0.023146274024927416
66,20170407,201704,-0.0074,-0.0078000000000000005,-0.0131,-0.007542397000000001,1.3011108494507302,1.313347494079572,-0.009317141643017779,-0.023146274024927416
67,20170410,201704,-0.0043,-0.0036,-0.0055000000000000005,-0.004079027000000001,1.2958035831658279,1.313347494079572,-0.013358163770692877,-0.023146274024927416
68,20170411,201704,0.0007000000000000001,0.0097,0.0031,0.0035863910000000004,1.3004508414742615,1.313347494079572,-0.009819680369016703,-0.023146274024927416
69,20170412,201704,-0.0076,0.0062,-0.0019,-0.0031692169999999993,1.296329430559797,1.313347494079572,-0.012957776671056687,-0.023146274024927416
70,20170413,201704,0.0002,-0.0034000000000000002,-0.0083,-0.000973477,1.295067483674724,1.313347494079572,-0.01391863957349615,-0.023146274024927416
71,20170414,201704,0.0044,-0.0019,-0.0015,0.002368983,1.2981354765274022,1.313347494079572,-0.011582629594028893,-0.023146274024927416
72,20170417,201704,0.0076,0.0192,0.004699999999999999,0.011305260999999999,1.312811236902904,1.313347494079572,-0.0004083132446557336,-0.023146274024927416
73,20170418,201704,-0.0001,0.0042,0.0054,0.001289976,1.314504731891039,1.314504731891039,0.0,-0.023146274024927416
74,20170419,201704,0.0168,-0.0012,0.0031,0.011005060999999998,1.3289709366502886,1.3289709366502886,0.0,-0.023146274024927416
75,20170420,201704,-0.0011,-0.0083,-0.0075,-0.003420363,1.3244253736304945,1.3289709366502886,-0.0034203630000001484,-0.023146274024927416
76,20170421,201704,0.0054,0.0176,-0.0006,0.009289482,1.3367285992991782,1.3367285992991782,0.0,-0.023146274024927416
77,20170424,201704,-0.0049,0.0073,-0.0025,-0.000989537,1.3354058568912135,1.3367285992991782,-0.0009895370000000403,-0.023146274024927416
78,20170425,201704,0.0128,0.0176,-0.0089,0.014281853,1.3544779270346727,1.3544779270346727,0.0,-0.023146274024927416
79,20170426,201704,0.0018,-0.0055000000000000005,0.001,-0.0005382820000000003,1.3537488359471528,1.3544779270346727,-0.0005382819999999455,-0.023146274024927416
80,20170427,201704,-0.0016,0.0015,-0.0051,-0.0006166769999999999,1.3529140101762474,1.3544779270346727,-0.001154627053871038,-0.023146274024927416
81,20170428,201704,-0.0011,0.011699999999999999,0.003,0.0030067919999999995,1.3569819411987334,1.3569819411987334,0.0,-0.023146274024927416
82,20170502,201705,0.0102,0.013600000000000001,0.015300000000000001,0.012747127,1.3742795623399,1.3742795623399,0.0,-0.023146274024927416
83,20170504,201705,-0.013000000000000001,0.006999999999999999,0.0064,-0.0012451300000000005,1.3725684056284437,1.3742795623399,-0.0012451300000000387,-0.023146274024927416
84,20170508,201705,-0.0018,0.0213,0.0292,0.014393872999999998,1.392324980942872,1.392324980942872,0.0,-0.023146274024927416
85,20170510,201705,0.0060999999999999995,0.0039000000000000003,-0.0088,0.0009190789999999997,1.3936046375940319,1.3936046375940319,0.0,-0.023146274024927416
86,20170511,201705,0.0008,0.013600000000000001,0.0132,0.008318243999999999,1.4051969810090705,1.4051969810090705,0.0,-0.023146274024927416
87,20170512,201705,0.0083,-0.011899999999999999,-0.0014000000000000002,-0.000559201,1.4044111934520933,1.4051969810090705,-0.0005592009999999537,-0.023146274024927416
88,20170515,201705,-0.0072,0.0083,0.0143,0.0038789400000000004,1.4098588202068225,1.4098588202068225,0.0,-0.023146274024927416
89,20170516,201705,0.018799999999999997,0.0006,0.0015,0.008210878999999999,1.4214350003866234,1.4214350003866234,0.0,-0.023146274024927416
90,20170517,201705,0.002,0.0132,0.0058,0.006431385999999999,1.43057679754802,1.43057679754802,0.0,-0.023146274024927416
91,20170518,201705,-0.0039000000000000003,-0.0017000000000000001,0.0087,0.0005804559999999996,1.4314071844336174,1.4314071844336174,0.0,-0.023146274024927416
92,20170519,201705,0.0007000000000000001,-0.0031,0.0011,-0.00028903399999999986,1.4309934590894717,1.4314071844336174,-0.00028903400000002133,-0.023146274024927416
93,20170522,201705,-0.006999999999999999,-0.0024,-0.0009,-0.0037975269999999993,1.425559222791756,1.4314071844336174,-0.004085463385581245,-0.023146274024927416
94,20170523,201705,0.0049,0.0083,-0.004,0.003183427,1.4300973865116902,1.4314071844336174,-0.0009150421600304659,-0.023146274024927416
95,20170524,201705,0.0095,0.0104,0.0138,0.011072661999999999,1.4459323714996173,1.4459323714996173,0.0,-0.023146274024927416
96,20170525,201705,-0.0013,-0.0011,0.009399999999999999,0.002017150999999999,1.44884903542872,1.44884903542872,0.0,-0.023146274024927416
97,20170526,201705,0.0064,0.0066,-0.0085,0.001920671,1.4516317977544457,1.4516317977544457,0.0,-0.023146274024927416
98,20170529,201705,0.016399999999999998,0.0042,0.0101,0.010914908999999999,1.467476226728442,1.467476226728442,0.0,-0.023146274024927416
99,20170530,201705,-0.0016,-0.0040999999999999995,-0.0068000000000000005,-0.003914485,1.4617318130510568,1.467476226728442,-0.003914485000000134,-0.023146274024927416
100,20170531,201705,0.008199999999999999,-0.0036,-0.0005,0.002100921,1.464802796113464,1.467476226728442,-0.001821788023740667,-0.023146274024927416
101,20170601,201706,0.019799999999999998,0.008199999999999999,0.0078000000000000005,0.013842079999999998,1.4850787136014905,1.4850787136014905,0.0,-0.023146274024927416
102,20170602,201706,0.0005,0.0113,0.0044,0.006044119999999999,1.4940547075559436,1.4940547075559436,0.0,-0.023146274024927416
103,20170605,201706,0.0086,-0.0014000000000000002,0.0024,0.0034655199999999997,1.4992323840260728,1.4992323840260728,0.0,-0.023146274024927416
104,20170607,201706,0.0235,-0.0076,-0.0087,0.0075266,1.5105165064876835,1.5105165064876835,0.0,-0.023146274024927416
105,20170608,201706,0.0074,0.0079,-0.0051,0.007651600000000001,1.5220743745887246,1.5220743745887246,0.0,-0.023146274024927416
106,20170609,201706,0.0073,-0.0059,-0.0006,0.0005226000000000001,1.5228698106568848,1.5228698106568848,0.0,-0.023146274024927416
107,20170612,201706,0.004699999999999999,0.0179,0.0006,0.0114726,1.540341086846627,1.540341086846627,0.0,-0.023146274024927416
108,20170613,201706,0.0036,0.0083,-0.0013,0.006010079999999999,1.5495986600058622,1.5495986600058622,0.0,-0.023146274024927416
109,20170614,201706,0.0179,0.0017000000000000001,0.0006,0.009579240000000001,1.564442637473737,1.564442637473737,0.0,-0.023146274024927416
110,20170615,201706,-0.0049,0.0009,0.0102,-0.0019173999999999997,1.561442975160645,1.564442637473737,-0.001917399999999958,-0.023146274024927416
111,20170616,201706,0.0195,0.0131,0.021,0.01621612,1.5867635218190068,1.5867635218190068,0.0,-0.023146274024927416
112,20170619,201706,0.0015,0.0026,-0.0026,0.00206288,1.5900368245528969,1.5900368245528969,0.0,-0.023146274024927416
113,20170620,201706,-0.0159,0.0034999999999999996,0.0053,-0.00593544,1.5805992563829725,1.5900368245528969,-0.005935440000000125,-0.023146274024927416
114,20170621,201706,0.0018,-0.0038,-0.0033,-0.00107596,1.5788985948070746,1.5900368245528969,-0.007005013703977658,-0.023146274024927416
115,20170622,201706,0.018600000000000002,0.0235,0.024,0.021116839999999998,1.6122399438098403,1.6122399438098403,0.0,-0.023146274024927416
116,20170623,201706,-0.0040999999999999995,-0.0031,-0.0024,-0.0035861199999999995,1.6064582579025448,1.6122399438098403,-0.003586120000000026,-0.023146274024927416
117,20170626,201706,0.0218,-0.0025,-0.0044,0.00931876,1.6214284568579567,1.6214284568579567,0.0,-0.023146274024927416
118,20170627,201706,0.0139,0.0231,0.0197,0.01862376,1.6516255512956497,1.6516255512956497,0.0,-0.023146274024927416
119,20170628,201706,-0.009000000000000001,-0.0029,-0.0034999999999999996,-0.005867280000000001,1.6419350017310437,1.6516255512956497,-0.00586728000000003,-0.023146274024927416
120,20170629,201706,0.019299999999999998,0.0191,0.0158,0.019195959999999998,1.6734535203468728,1.6734535203468728,0.0,-0.023146274024927416
121,20170630,201706,-0.0146,-0.008199999999999999,-0.0129,-0.01131484,1.6545186615167111,1.6734535203468728,-0.011314840000000048,-0.023146274024927416
122,20170703,201707,-0.0015,0.006500000000000001,0.0003,0.0014774240000000002,1.6569630870956837,1.6734535203468728,-0.0098541328161722,-0.023146274024927416
123,20170704,201707,0.0127,-0.0108,-0.0127,0.002045542999999999,1.6603524763397506,1.6734535203468728,-0.007828746868575487,-0.023146274024927416
124,20170705,201707,0.0043,0.024300000000000002,-0.0007000000000000001,0.010842200000000001,1.6783543499587212,1.6783543499587212,0.0,-0.023146274024927416
125,20170706,201707,0.006500000000000001,0.011899999999999999,0.0004,0.007815714,1.6914718875486543,1.6914718875486543,0.0,-0.023146274024927416
126,20170707,201707,0.0022,0.015700000000000002,0.012199999999999999,0.007885005,1.7048091518393347,1.7048091518393347,0.0,-0.023146274024927416
127,20170710,201707,0.0134,0.0054,0.0034999999999999996,0.009654048,1.721267461222031,1.721267461222031,0.0,-0.023146274024927416
128,20170711,201707,-0.0042,-0.0036,-0.0101,-0.004549294,1.7134369094882982,1.721267461222031,-0.004549294000000037,-0.023146274024927416
129,20170712,201707,0.006500000000000001,0.0013,-0.0024,0.003831252,1.7200015180746488,1.721267461222031,-0.0007354714917362504,-0.023146274024927416
130,20170713,201707,0.0053,0.0213,0.016,0.011928495999999999,1.740518549302996,1.740518549302996,0.0,-0.023146274024927416
131,20170714,201707,-0.0045000000000000005,0.0059,0.0072,0.00025872799999999974,1.74096887018622,1.74096887018622,0.0,-0.023146274024927416
132,20170717,201707,0.0085,0.0072,0.011899999999999999,0.008366512999999999,1.7555347088712283,1.7555347088712283,0.0,-0.023146274024927416
133,20170718,201707,-0.011699999999999999,0.004699999999999999,0.0048,-0.004380867999999999,1.747843943042245,1.7555347088712283,-0.004380868000000038,-0.023146274024927416
134,20170719,201707,0.0108,0.0067,0.0079,0.009086445,1.7637256308992817,1.7637256308992817,0.0,-0.023146274024927416
135,20170720,201707,0.0095,0.0073,0.0069,0.008481486,1.778684645145595,1.778684645145595,0.0,-0.023146274024927416
136,20170721,201707,-0.0008,0.0005,-0.0004,-0.000305969,1.7781404227834046,1.778684645145595,-0.00030596900000001703,-0.023146274024927416
137,20170724,201707,0.0279,-0.0048,0.003,0.014065346999999999,1.80315058484458,1.80315058484458,0.0,-0.023146274024927416
138,20170725,201707,-0.002,-0.0154,-0.0126,-0.0077068499999999995,1.7892539737597704,1.80315058484458,-0.007706850000000043,-0.023146274024927416
139,20170726,201707,-0.0032,0.0109,0.0116,0.0031509269999999995,1.7948917824155475,1.80315058484458,-0.004580206721749858,-0.023146274024927416
140,20170727,201707,-0.0034000000000000002,-0.0046,0.0177,-0.0018190279999999999,1.7916268240063637,1.80315058484458,-0.00639090319747726,-0.023146274024927416
141,20170728,201707,0.018500000000000003,-0.0060999999999999995,-0.009399999999999999,0.00722243,1.8045667233288718,1.8045667233288718,0.0,-0.023146274024927416
142,20170731,201707,0.0125,0.0034000000000000002,-0.008199999999999999,0.007343431,1.8178184345465336,1.8178184345465336,0.0,-0.023146274024927416
143,20170801,201708,-0.026699999999999998,-0.0015,0.0,-0.001255572,1.815536032619033,1.8178184345465336,-0.001255572000000038,-0.023146274024927416
144,20170802,201708,0.0116,0.0,0.0,2.8535999999999996e-05,1.81558784075526,1.8178184345465336,-0.0012270718290026128,-0.023146274024927416
145,20170803,201708,0.0078000000000000005,0.0088,0.004699999999999999,0.007960039,1.8300399907755978,1.8300399907755978,0.0,-0.023146274024927416
146,20170804,201708,0.0144,-0.0003,-0.0008,-0.000365986,1.8293702217595338,1.8300399907755978,-0.00036598600000004033,-0.023146274024927416
147,20170807,201708,-0.0012,0.0,0.0108,0.00220338,1.8334010195187544,1.8334010195187544,0.0,-0.023146274024927416
148,20170808,201708,-0.0085,0.0034000000000000002,0.0001,0.0026966030000000005,1.8383449742081917,1.8383449742081917,0.0,-0.023146274024927416
149,20170809,201708,0.0096,0.0033,-0.0012,0.002396226,1.8427500642323584,1.8427500642323584,0.0,-0.023146274024927416
150,20170810,201708,-0.0222,-0.0009,-0.006,-0.001994286,1.8390750935777609,1.8427500642323584,-0.0019942859999999563,-0.023146274024927416
151,20170811,201708,-0.025699999999999997,0.0101,0.011200000000000002,0.010236752,1.8579012492200933,1.8579012492200933,0.0,-0.023146274024927416
152,20170814,201708,-0.005,-0.003,0.004699999999999999,-0.0014319169999999996,1.8552408888370138,1.8579012492200933,-0.0014319170000000048,-0.023146274024927416
153,20170816,201708,0.003,0.0172,0.0079,0.015265343,1.8835617773527358,1.8835617773527358,0.0,-0.023146274024927416
154,20170817,201708,0.0058,-0.015,-0.0139,-0.014724263,1.8558277183662468,1.8835617773527358,-0.01472426299999996,-0.023146274024927416
155,20170818,201708,-0.0054,0.0143,0.0206,0.015538707999999998,1.8846648833802462,1.8846648833802462,0.0,-0.023146274024927416
156,20170821,201708,0.0015,-0.0037,0.0006,-0.002808798,1.8793712404251375,1.8846648833802462,-0.0028087980000000012,-0.023146274024927416
157,20170822,201708,0.0066,-0.0028000000000000004,-0.0028000000000000004,-0.002776904,1.874152406910116,1.8846648833802462,-0.005577902237598575,-0.023146274024927416
158,20170823,201708,-0.0007000000000000001,0.0024,0.0021,0.002331111,1.8785212642015405,1.8846648833802462,-0.0032597939468616,-0.023146274024927416
159,20170824,201708,0.0126,0.0229,0.009300000000000001,0.020096547,1.9162730550780664,1.9162730550780664,0.0,-0.023146274024927416
160,20170825,201708,-0.0066,0.006999999999999999,0.010700000000000001,0.007722486999999999,1.9310714488343568,1.9310714488343568,0.0,-0.023146274024927416
161,20170828,201708,-0.0066,-0.0011,-0.0019,-0.001276973,1.9286055227331245,1.9310714488343568,-0.001276972999999959,-0.023146274024927416
162,20170829,201708,-0.004,0.0075,-0.0092,0.004060141999999999,1.936435935017405,1.936435935017405,0.0,-0.023146274024927416
163,20170830,201708,-0.006,0.009300000000000001,0.0096,0.009323742000000001,1.9544907640750362,1.9544907640750362,0.0,-0.023146274024927416
164,20170831,201708,0.0181,0.015600000000000001,0.022000000000000002,0.016913762,1.9875485556897994,1.9875485556897994,0.0,-0.023146274024927416
165,20170901,201709,0.0095,0.0070999999999999995,0.006,0.008719143,2.004878275766302,2.004878275766302,0.0,-0.023146274024927416
166,20170904,201709,0.020099999999999996,0.0059,0.0144,0.015526004999999999,2.0360060259002406,2.0360060259002406,0.0,-0.023146274024927416
167,20170905,201709,0.0067,-0.0069,-0.0126,0.0022767810000000003,2.040641565735896,2.040641565735896,0.0,-0.023146274024927416
168,20170906,201709,0.0104,0.0018,0.0008,0.00761096,2.0561728070670493,2.0561728070670493,0.0,-0.023146274024927416
169,20170907,201709,0.0095,0.0137,0.005699999999999999,0.01083603,2.0784535572896123,2.0784535572896123,0.0,-0.023146274024927416
170,20170908,201709,-0.0003,0.0132,-0.0072,0.004010697,2.0867896047364733,2.0867896047364733,0.0,-0.023146274024927416
171,20170911,201709,0.010700000000000001,0.01,0.0016,0.010447447,2.1085912285321085,2.1085912285321085,0.0,-0.023146274024927416
172,20170912,201709,0.0045000000000000005,-0.0006,0.0021,0.0028561440000000006,2.114613668717933,2.114613668717933,0.0,-0.023146274024927416
173,20170913,201709,-0.0040999999999999995,-0.008,0.0009,-0.005336082,2.1033299167833333,2.114613668717933,-0.005336081999999909,-0.023146274024927416
174,20170914,201709,0.013999999999999999,0.0118,0.0029,0.013259986999999999,2.1312200441365916,2.1312200441365916,0.0,-0.023146274024927416
175,20170915,201709,-0.0075,0.0128,-0.0006,-0.000964953,2.129163516961342,2.1312200441365916,-0.0009649529999999906,-0.023146274024927416
176,20170918,201709,0.0024,0.0024,0.0043,0.0024058329999999996,2.1342859288128437,2.1342859288128437,0.0,-0.023146274024927416
177,20170919,201709,0.0079,0.0092,0.006999999999999999,0.008314381000000001,2.1520311951879325,2.1520311951879325,0.0,-0.023146274024927416
178,20170920,201709,0.0025,-0.018000000000000002,-0.0031,-0.004095232,2.1432181281724008,2.1520311951879325,-0.004095231999999949,-0.023146274024927416
179,20170921,201709,0.0016,-0.0089,-0.0091,-0.001802089,2.139355858359021,2.1520311951879325,-0.00588994102746021,-0.023146274024927416
180,20170922,201709,0.0063,0.008100000000000001,0.013600000000000001,0.006899995,2.1541174030849186,2.1541174030849186,0.0,-0.023146274024927416
181,20170925,201709,0.013999999999999999,-0.0034000000000000002,-0.0012,0.008370023999999998,2.172147417447557,2.172147417447557,0.0,-0.023146274024927416
182,20170926,201709,0.0111,-0.0002,0.0,0.007439979000000001,2.1883081486182707,2.1883081486182707,0.0,-0.023146274024927416
183,20170927,201709,0.0096,0.0,0.0,0.00649008,2.2025104435674554,2.2025104435674554,0.0,-0.023146274024927416
184,20170928,201709,-0.001,-0.0052,-0.0064,-0.002364274,2.197303105391,2.2025104435674554,-0.002364274000000055,-0.023146274024927416
185,20170929,201709,-0.0148,0.0183,-0.0017000000000000001,-0.004138655,2.1882092259073582,2.2025104435674554,-0.0064931440855886535,-0.023146274024927416
186,20171010,201710,0.0086,0.0007000000000000001,0.0021,0.001761761,2.1920643275814022,2.2025104435674554,-0.0047428224536059105,-0.023146274024927416
187,20171011,201710,0.0184,0.0075,0.0131,0.011576683,2.2174411614174203,2.2174411614174203,0.0,-0.023146274024927416
188,20171012,201710,0.0125,0.0124,0.0076,0.008983415,2.237361355608515,2.237361355608515,0.0,-0.023146274024927416
189,20171013,201710,0.0039000000000000003,0.0111,0.0123,0.011895096,2.263974983720168,2.263974983720168,0.0,-0.023146274024927416
190,20171016,201710,0.008199999999999999,0.0073,0.0001,0.0021812949999999998,2.268913381032282,2.268913381032282,0.0,-0.023146274024927416
191,20171017,201710,-0.0064,-0.002,0.0039000000000000003,0.0021643520000000005,2.2738241082463464,2.2738241082463464,0.0,-0.023146274024927416
192,20171018,201710,0.0138,-0.0027,0.0054,0.0032026710000000003,2.2811064187769277,2.2811064187769277,0.0,-0.023146274024927416
193,20171019,201710,-0.011399999999999999,-0.0033,-0.0067,-0.005787327000000001,2.267904910009667,2.2811064187769277,-0.005787326999999842,-0.023146274024927416
194,20171020,201710,-0.0124,0.020499999999999997,0.0034999999999999996,0.008125912999999998,2.286333708000678,2.286333708000678,0.0,-0.023146274024927416
195,20171023,201710,-0.0046,0.012,0.0034000000000000002,0.005740526000000001,2.2994584660961324,2.2994584660961324,0.0,-0.023146274024927416
196,20171024,201710,0.0121,0.0096,0.0077,0.008267851,2.318470046074504,2.318470046074504,0.0,-0.023146274024927416
197,20171025,201710,-0.0029,0.0095,0.0176,0.015164824000000002,2.3536292362724955,2.3536292362724955,0.0,-0.023146274024927416
198,20171026,201710,0.0045000000000000005,-0.0018,0.009399999999999999,0.0062258009999999996,2.3682824635253104,2.3682824635253104,0.0,-0.023146274024927416
199,20171027,201710,0.0054,-0.001,0.005699999999999999,0.0038228039999999995,2.3773359432000047,2.3773359432000047,0.0,-0.023146274024927416
200,20171030,201710,0.0014000000000000002,0.0058,0.006500000000000001,0.006262160000000001,2.392223201250074,2.392223201250074,0.0,-0.023146274024927416
201,20171031,201710,0.0121,0.0265,0.0087,0.013708600000000001,2.4250172322267307,2.4250172322267307,0.0,-0.023146274024927416
202,20171101,201711,-0.0039000000000000003,-0.0011,0.006500000000000001,0.0027213160000000005,2.4316164704210648,2.4316164704210648,0.0,-0.023146274024927416
203,20171102,201711,-0.0179,-0.0044,0.0075,-0.0017122550000000002,2.427452922961504,2.4316164704210648,-0.0017122550000000514,-0.023146274024927416
204,20171103,201711,-0.0005,-0.003,0.0032,0.001847025,2.431936489196537,2.431936489196537,0.0,-0.023146274024927416
205,20171106,201711,0.0023,-0.0017000000000000001,-0.0007000000000000001,0.00038212,2.4328657807677887,2.4328657807677887,0.0,-0.023146274024927416
206,20171107,201711,0.0069,0.0123,0.0139,0.011365338,2.4605161226748486,2.4605161226748486,0.0,-0.023146274024927416
207,20171108,201711,0.0074,0.0038,0.0089,0.008345108,2.4810493954543116,2.4810493954543116,0.0,-0.023146274024927416
208,20171109,201711,0.011200000000000002,0.0009,0.0025,0.005641359000000001,2.495045885790802,2.495045885790802,0.0,-0.023146274024927416
209,20171110,201711,0.0001,-0.006,-0.0045000000000000005,-0.0028406670000000003,2.4879582912795506,2.495045885790802,-0.0028406669999999634,-0.023146274024927416
210,20171113,201711,0.0024,0.0060999999999999995,0.0009,0.001455139,2.491578616419565,2.495045885790802,-0.0013896615653377076,-0.023146274024927416
211,20171114,201711,0.0123,0.013600000000000001,0.0048,0.007533211,2.5103482038601412,2.5103482038601412,0.0,-0.023146274024927416
212,20171115,201711,0.0025,0.0089,0.013999999999999999,0.009829807999999999,2.5350244447172314,2.5350244447172314,0.0,-0.023146274024927416
213,20171116,201711,-0.0113,-0.0095,-0.0105,-0.010786754,2.50767975964808,2.5350244447172314,-0.010786754000000065,-0.023146274024927416
214,20171117,201711,0.0085,0.0097,0.0063,0.007103764,2.5254937248481966,2.5350244447172314,-0.0037596165547421068,-0.023146274024927416
215,20171120,201711,0.0154,0.025099999999999997,0.031,0.025345559000000004,2.589503775055466,2.589503775055466,0.0,-0.023146274024927416
216,20171121,201711,0.014199999999999999,0.017,0.026699999999999998,0.022156916,2.6468791926810527,2.6468791926810527,0.0,-0.023146274024927416
217,20171122,201711,0.0159,-0.021400000000000002,0.004,0.008239469000000001,2.668688071735893,2.668688071735893,0.0,-0.023146274024927416
218,20171123,201711,0.0062,0.0079,-0.0005,0.001942999,2.6738733299905877,2.6738733299905877,0.0,-0.023146274024927416
219,20171124,201711,0.0026,0.0167,0.0256,0.017262827,2.720031942706129,2.720031942706129,0.0,-0.023146274024927416
220,20171127,201711,0.0048,0.0016,0.0017000000000000001,0.002820496,2.7277037819204035,2.7277037819204035,0.0,-0.023146274024927416
221,20171128,201711,0.0023,-0.0086,-0.0007000000000000001,0.000365077,2.728699603833996,2.728699603833996,0.0,-0.023146274024927416
222,20171129,201711,0.0086,0.0019,0.0,0.0031138510000000004,2.737196367824094,2.737196367824094,0.0,-0.023146274024927416
223,20171130,201711,-0.0036,0.0,0.0,-0.001301508,2.7336338848537998,2.737196367824094,-0.0013015080000000623,-0.023146274024927416
224,20171201,201712,0.004699999999999999,0.0,0.0,0.0046498979999999995,2.746345003587714,2.746345003587714,0.0,-0.023146274024927416
225,20171204,201712,0.0192,0.0,0.0,0.018995328,2.7985127277320236,2.7985127277320236,0.0,-0.023146274024927416
226,20171205,201712,0.010700000000000001,-0.0002,0.0,0.010585606000000001,2.8281366808537802,2.8281366808537802,0.0,-0.023146274024927416
227,20171206,201712,-0.0008,0.0048,-0.0053,-0.000831204,2.825785922332108,2.8281366808537802,-0.0008312040000000298,-0.023146274024927416
228,20171207,201712,0.0166,-0.0014000000000000002,0.0019,0.01643782,2.8722356826819366,2.8722356826819366,0.0,-0.023146274024927416
229,20171208,201712,-0.0075,0.0,0.0,-0.00742005,2.8509235503046524,2.8722356826819366,-0.007420050000000011,-0.023146274024927416
230,20171211,201712,0.019799999999999998,0.0,0.0,0.019588931999999996,2.906770097868769,2.906770097868769,0.0,-0.023146274024927416
231,20171212,201712,0.0178,0.0052,0.0026,0.017642284,2.9580521614580775,2.9580521614580775,0.0,-0.023146274024927416
232,20171213,201712,0.004,-0.011399999999999999,-0.0021,0.003919536,2.96964635339479,2.96964635339479,0.0,-0.023146274024927416
233,20171214,201712,0.0225,0.0026,0.002,0.022282466,3.0358173972963334,3.0358173972963334,0.0,-0.023146274024927416
234,20171215,201712,0.0177,0.0151,0.018000000000000002,0.017698384,3.0895464593475643,3.0895464593475643,0.0,-0.023146274024927416
235,20171218,201712,-0.0001,-0.0002,0.002,-8.126599999999999e-05,3.089295384264999,3.0895464593475643,-8.126600000002426e-05,-0.023146274024927416
236,20171219,201712,-0.016399999999999998,-0.0431,-0.0385,-0.016643221999999996,3.0378795553611013,3.0895464593475643,-0.016723135471920947,-0.023146274024927416
237,20171220,201712,0.01,0.0274,-0.0019,0.009921784,3.0680207401274107,3.0895464593475643,-0.006967274809875912,-0.023146274024927416
238,20171221,201712,0.0167,0.0079,0.0174,0.016691692,3.1192311973712292,3.1192311973712292,0.0,-0.023146274024927416
239,20171222,201712,-0.025099999999999997,-0.0008,-0.0004,-0.024837361999999995,3.0417577229604267,3.1192311973712292,-0.024837361999999974,-0.024837361999999974
240,20171226,201712,0.0105,0.0,0.0,0.010388070000000001,3.0733557151095803,3.1192311973712292,-0.014707304255071274,-0.024837361999999974
241,20171227,201712,0.0169,0.0,0.0,0.016719846,3.1247417493694325,3.1247417493694325,0.0,-0.024837361999999974
242,20171228,201712,0.004699999999999999,-0.0015,0.001,0.004656408,3.13929182184913,3.13929182184913,0.0,-0.024837361999999974
243,20180102,201801,0.0168,0.019299999999999998,0.006,0.016840092,3.1921577849439173,3.1921577849439173,0.0,-0.024837361999999974
244,20180103,201801,0.005699999999999999,0.0169,0.0139,0.005993345999999999,3.2112894910356795,3.2112894910356795,0.0,-0.024837361999999974
245,20180104,201801,0.0095,0.0168,0.0092,0.009679853,3.2423743012493498,3.2423743012493498,0.0,-0.024837361999999974
246,20180105,201801,0.018799999999999997,0.0222,0.015300000000000001,0.018877012999999998,3.3035806430848997,3.3035806430848997,0.0,-0.024837361999999974
247,20180108,201801,0.0096,0.0371,0.0233,0.010307336999999998,3.3376317620798526,3.3376317620798526,0.0,-0.024837361999999974
248,20180109,201801,0.0017000000000000001,-0.0076,-0.0239,0.0014186480000000002,3.3423666867038637,3.3423666867038637,0.0,-0.024837361999999974
249,20180110,201801,-0.0023,0.0079,-0.0003,-0.002043836,3.3355354373443777,3.3423666867038637,-0.002043836000000021,-0.024837361999999974
250,20180111,201801,0.0014000000000000002,-0.013500000000000002,-0.0197,0.0009892610000000002,3.33883515246666,3.3423666867038637,-0.0010565968872452425,-0.024837361999999974
251,20180112,201801,0.0014000000000000002,-0.0019,0.0148,0.001345358,3.3433270810497127,3.3433270810497127,0.0,-0.024837361999999974
252,20180115,201801,0.0042,-0.0021,-0.002,0.004031801999999999,3.3568067138617432,3.3568067138617432,0.0,-0.024837361999999974
253,20180116,201801,0.0054,0.0334,0.0087,0.006098793,3.3772791831505966,3.3772791831505966,0.0,-0.024837361999999974
254,20180117,201801,0.0189,-0.0219,-0.0177,0.017817858000000002,3.4374550640623296,3.4374550640623296,0.0,-0.024837361999999974
255,20180118,201801,0.0013,0.0022,0.0006,0.001320841,3.441995395646601,3.441995395646601,0.0,-0.024837361999999974
256,20180119,201801,-0.005600000000000001,-0.0026,-0.0039000000000000003,-0.005522423,3.422987241107788,3.441995395646601,-0.005522423000000054,-0.024837361999999974
257,20180122,201801,0.0127,0.002,-0.0001,0.012409767999999998,3.4654657186368953,3.4654657186368953,0.0,-0.024837361999999974
258,20180123,201801,0.0113,-0.0007000000000000001,0.0,0.010980647,3.5035187743838483,3.5035187743838483,0.0,-0.024837361999999974
259,20180124,201801,0.004,0.0,0.0,0.00389308,3.517158253254027,3.517158253254027,0.0,-0.024837361999999974
260,20180125,201801,0.0085,0.0,0.0,0.008272795000000001,3.546254982465756,3.546254982465756,0.0,-0.024837361999999974
261,20180126,201801,0.0032,-0.0007000000000000001,-0.0013,0.003094547,3.55722903518298,3.55722903518298,0.0,-0.024837361999999974
262,20180129,201801,0.011399999999999999,0.0208,0.016,0.011641613999999998,3.5986409225201728,3.5986409225201728,0.0,-0.024837361999999974
263,20180130,201801,-0.0033,-0.0025,-0.0146,-0.0033029369999999997,3.586754838267467,3.5986409225201728,-0.0033029369999999503,-0.024837361999999974
264,20180131,201801,0.0069,0.0016,0.0132,0.006781647,3.611078943456139,3.611078943456139,0.0,-0.024837361999999974
265,20180201,201802,0.0033,0.0003,-0.0015,-0.001439442,3.6058810047596124,3.611078943456139,-0.001439442000000013,-0.024837361999999974
266,20180202,201802,0.015700000000000002,0.0,0.0,5.306600000000001e-05,3.606072354441011,3.611078943456139,-0.0013864523854292266,-0.024837361999999974
267,20180205,201802,-0.0254,0.0,0.0,-8.5852e-05,3.6057627659172375,3.611078943456139,-0.0014721853557190245,-0.024837361999999974
268,20180206,201802,-0.0287,0.0,0.0,-9.7006e-05,3.6054129852943673,3.611078943456139,-0.0015690485449063596,-0.024837361999999974
269,20180207,201802,0.0101,0.0,0.0,3.4138e-05,3.605536066882859,3.611078943456139,-0.0015349641090856014,-0.024837361999999974
270,20180208,201802,0.0075,0.0,0.0,2.535e-05,3.605627467222155,3.611078943456139,-0.0015096530204257164,-0.024837361999999974
271,20180209,201802,0.011000000000000001,0.0,0.0,3.7180000000000007e-05,3.6057615244513865,3.611078943456139,-0.0014725291493248305,-0.024837361999999974
272,20180212,201802,0.015300000000000001,0.0,0.0,5.171400000000001e-05,3.605947992802862,3.611078943456139,-0.0014208912996972467,-0.024837361999999974
273,20180213,201802,-0.032799999999999996,-0.025,-0.024700000000000003,-0.024734767000000005,3.5167557093867656,3.611078943456139,-0.02612051288446693,-0.02612051288446693
274,20180214,201802,0.0104,0.0043,0.0148,0.014526513000000001,3.567841906916997,3.611078943456139,-0.011973439854449763,-0.02612051288446693
275,20180219,201802,0.0072,0.0027,0.015,0.014670687,3.6201845987988595,3.6201845987988595,0.0,-0.02612051288446693
276,20180220,201802,-0.0034999999999999996,-0.0075,0.0027,0.002427818,3.6289737481311457,3.6289737481311457,0.0,-0.02612051288446693
277,20180221,201802,-0.0053,0.0105,0.0076,0.007627825,3.656654924811484,3.656654924811484,0.0,-0.02612051288446693
278,20180222,201802,0.0108,0.0144,0.029300000000000003,0.028870483000000002,3.76222431865512,3.76222431865512,0.0,-0.02612051288446693
279,20180223,201802,-0.0064,0.009399999999999999,-0.0063,-0.005913647,3.739975852099778,3.76222431865512,-0.005913646999999966,-0.02612051288446693
280,20180226,201802,0.0111,0.0007000000000000001,0.005699999999999999,0.005595101999999999,3.760901398469813,3.76222431865512,-0.00035163245815694744,-0.02612051288446693
281,20180227,201802,-0.0028000000000000004,-0.0033,0.0016,0.0014644410000000001,3.7664090166746895,3.7664090166746895,0.0,-0.02612051288446693
282,20180228,201802,0.014499999999999999,0.010700000000000001,-0.006,-0.0055193889999999995,3.745620740178554,3.7664090166746895,-0.005519389000000041,-0.02612051288446693
283,20180302,201803,0.0066,-0.0039000000000000003,-0.008,0.004436758,3.762239152962507,3.7664090166746895,-0.001107119193300976,-0.02612051288446693
284,20180305,201803,0.0012,0.013300000000000001,0.0022,0.00335233,3.774851420142158,3.774851420142158,0.0,-0.02612051288446693
285,20180306,201803,0.0014000000000000002,0.0038,0.0058,0.001917328,3.7820890484658363,3.7820890484658363,0.0,-0.02612051288446693
286,20180307,201803,0.0139,0.0012,-0.003,0.011299842,3.8248260571434303,3.8248260571434303,0.0,-0.02612051288446693
287,20180308,201803,0.0092,0.013300000000000001,0.0049,0.009829474,3.862422085426644,3.862422085426644,0.0,-0.02612051288446693
288,20180309,201803,0.0255,0.024300000000000002,0.044000000000000004,0.0256868,3.9616353490505807,3.9616353490505807,0.0,-0.02612051288446693
289,20180312,201803,0.011899999999999999,-0.0064,-0.0004,0.008412673999999998,3.994963295749019,3.994963295749019,0.0,-0.02612051288446693
290,20180313,201803,0.0204,0.0038,-0.0077,0.016872028,4.062366428333869,4.062366428333869,0.0,-0.02612051288446693
291,20180314,201803,-0.011399999999999999,-0.0032,-0.0038,-0.009792427999999999,4.022585997574792,4.062366428333869,-0.00979242800000002,-0.02612051288446693
292,20180315,201803,-0.0097,-0.0039000000000000003,0.0005,-0.008459116,3.988558476001331,4.062366428333869,-0.01816870871562637,-0.02612051288446693
293,20180316,201803,0.0013,0.006500000000000001,0.0018,0.0022264800000000003,3.9974389216769786,4.062366428333869,-0.015982680982207564,-0.02612051288446693
294,20180319,201803,-0.0022,0.0101,0.020499999999999997,0.00045453399999999977,3.9992558935798037,4.062366428333869,-0.015535411654125197,-0.02612051288446693
295,20180320,201803,0.0089,0.0226,0.0226,0.011607394,4.045676832443407,4.062366428333869,-0.004108343298146799,-0.02612051288446693
296,20180321,201803,0.0059,-0.0066,-0.0016,0.00353735,4.05998780738665,4.062366428333869,-0.0005855259463124485,-0.02612051288446693
297,20180322,201803,-0.0195,0.0040999999999999995,-0.0014000000000000002,-0.014954528,3.999272606041428,4.062366428333869,-0.015531297682153666,-0.02612051288446693
298,20180323,201803,-0.022799999999999997,-0.0294,-0.0167,-0.023830987999999997,3.903965988558126,4.062366428333869,-0.03899215951346591,-0.03899215951346591
299,20180326,201803,0.0187,-0.001,-0.0004,0.014819798,3.961821975907428,4.062366428333869,-0.024750217441039224,-0.03899215951346591
300,20180327,201803,0.0037,0.0,0.0,0.002968806,3.9735838567604334,4.062366428333869,-0.021854890035079455,-0.03899215951346591
301,20180328,201803,0.0077,0.0,0.0,0.0061783260000000005,3.998133953215836,4.062366428333869,-0.01581159067041049,-0.03899215951346591
302,20180329,201803,0.0066,-0.010700000000000001,-0.0144,0.0031015499999999994,4.010534365578433,4.062366428333869,-0.012759081109454229,-0.03899215951346591
303,20180330,201803,0.0002,0.0097,-0.0013,0.0018406700000000002,4.017916435869123,4.062366428333869,-0.010941896367279935,-0.03899215951346591
304,20180402,201804,0.0044,0.0002,0.0025,0.00141325,4.023594756272114,4.062366428333869,-0.009544110002321027,-0.03899215951346591
305,20180403,201804,0.0076,0.025099999999999997,0.0282,0.020300233999999997,4.105274671345612,4.105274671345612,0.0,-0.03899215951346591
306,20180404,201804,0.0204,0.0194,0.0088,0.019464356000000002,4.185181199026466,4.185181199026466,0.0,-0.03899215951346591
307,20180405,201804,-0.0169,-0.0072,-0.0079,-0.009909145999999999,4.143709627488857,4.185181199026466,-0.009909146000000146,-0.03899215951346591
308,20180406,201804,-0.0074,0.005,0.0025,0.001504434,4.149943565138579,4.185181199026466,-0.008419619656153343,-0.03899215951346591
309,20180409,201804,0.0177,0.0248,0.020099999999999996,0.022732678,4.244282895923046,4.244282895923046,0.0,-0.03899215951346591
310,20180410,201804,0.0285,0.0007000000000000001,-0.0024,0.008361518,4.279771543754399,4.279771543754399,0.0,-0.03899215951346591
311,20180411,201804,-0.0011,-0.0014000000000000002,-0.0006,-0.0013005360000000001,4.274205546789971,4.279771543754399,-0.0013005360000000188,-0.03899215951346591
312,20180412,201804,-0.0054,-0.0034999999999999996,-0.0075,-0.004108455999999999,4.256645161366029,4.279771543754399,-0.005403648805067496,-0.03899215951346591
313,20180413,201804,0.0083,0.012,0.009899999999999999,0.010929697999999998,4.3031690074729205,4.3031690074729205,0.0,-0.03899215951346591
314,20180416,201804,0.0091,0.0215,0.0068000000000000005,0.017758726,4.379587806808324,4.379587806808324,0.0,-0.03899215951346591
315,20180417,201804,0.0063,0.0197,0.0222,0.016027294,4.449780748186856,4.449780748186856,0.0,-0.03899215951346591
316,20180418,201804,0.0045000000000000005,-0.0034999999999999996,-0.0064,-0.0013356859999999996,4.443837238338434,4.449780748186856,-0.0013356859999998916,-0.03899215951346591
317,20180419,201804,0.001,-0.008100000000000001,-0.0111,-0.005632076000000001,4.418809209280481,4.449780748186856,-0.006960239314935834,-0.03899215951346591
318,20180420,201804,0.0084,0.0025,0.002,0.004129186,4.437055294404113,4.449780748186856,-0.0028597934376718426,-0.03899215951346591
319,20180423,201804,0.009399999999999999,0.0149,0.0144,0.013361809999999998,4.496342384207434,4.496342384207434,0.0,-0.03899215951346591
320,20180424,201804,0.009399999999999999,0.0069,0.0032,0.007520081999999999,4.53015524763675,4.53015524763675,0.0,-0.03899215951346591
321,20180425,201804,0.0118,0.0003,0.0,0.0034891179999999994,4.545961493854074,4.545961493854074,0.0,-0.03899215951346591
322,20180426,201804,-0.013600000000000001,0.0,0.0,-0.003778624,4.528784014650322,4.545961493854074,-0.0037786239999999527,-0.03899215951346591
323,20180427,201804,-0.0003,0.0163,0.0202,0.011766401999999999,4.58207150793787,4.58207150793787,0.0,-0.03899215951346591
324,20180430,201804,0.0088,0.023700000000000002,0.018000000000000002,0.019445386000000002,4.671171657089324,4.671171657089324,0.0,-0.03899215951346591
325,20180502,201805,-0.015,-0.0101,-0.0042,-0.014345517000000002,4.604161284672631,4.671171657089324,-0.014345516999999974,-0.03899215951346591
326,20180503,201805,-0.017,-0.0173,-0.0254,-0.017495033,4.523611331059961,4.671171657089324,-0.03158957470668289,-0.03899215951346591
327,20180504,201805,0.0242,0.0128,0.0209,0.023960507,4.631999352023102,4.671171657089324,-0.00838596993256946,-0.03899215951346591
328,20180508,201805,0.0015,-0.0105,0.0008,0.0014109670000000002,4.6385349502528275,4.671171657089324,-0.0069868352594073535,-0.03899215951346591
329,20180509,201805,-0.0038,-0.0062,-0.0098,-0.004162316,4.619227902012831,4.671171657089324,-0.011120069843217784,-0.03899215951346591
330,20180510,201805,0.0128,0.0033,0.0025,0.012156558000000001,4.675381813918869,4.675381813918869,0.0,-0.03899215951346591
331,20180511,201805,0.009300000000000001,0.0068000000000000005,0.0111,0.009395847,4.719310986109033,4.719310986109033,0.0,-0.03899215951346591
332,20180514,201805,-0.0012,0.0078000000000000005,0.0008,-0.00104651,4.71437217996896,4.719310986109033,-0.0010465100000000005,-0.03899215951346591
333,20180515,201805,0.0138,0.0097,0.0139,0.01378952,4.7793811094320855,4.7793811094320855,0.0,-0.03899215951346591
334,20180516,201805,-0.0346,-0.0332,-0.0338,-0.034547381999999995,4.614266004520951,4.7793811094320855,-0.03454738199999996,-0.03899215951346591
335,20180517,201805,0.013000000000000001,0.0092,0.0009,0.012273479,4.670899101427853,4.7793811094320855,-0.022697919567482017,-0.03899215951346591
336,20180518,201805,0.0069,0.0219,0.0173,0.007571266,4.706263720983925,4.7793811094320855,-0.015298505554173891,-0.03899215951346591
337,20180521,201805,-0.0068000000000000005,-0.0037,-0.014199999999999999,-0.007222677000000001,4.67227189825044,4.7793811094320855,-0.022410686389973455,-0.03899215951346591
338,20180523,201805,-0.0054,-0.0002,0.0075,-0.004620861,4.6506819792544185,4.7793811094320855,-0.026927990723250694,-0.03899215951346591
339,20180524,201805,0.0294,-0.0076,-0.0137,0.026718521,4.77494132338145,4.7793811094320855,-0.0009289458088775904,-0.03899215951346591
340,20180525,201805,0.0213,-0.0438,0.024,0.021198984,4.876165228096752,4.876165228096752,0.0,-0.03899215951346591
341,20180528,201805,0.0062,0.0125,0.0011,0.005925308,4.905058008932115,4.905058008932115,0.0,-0.03899215951346591
342,20180529,201805,-0.016399999999999998,-0.0163,0.0079,-0.014971004,4.8316243658601605,4.905058008932115,-0.014971003999999954,-0.03899215951346591
343,20180530,201805,-0.0002,0.0011,0.006500000000000001,0.00019908,4.832586245638916,4.905058008932115,-0.014774904427476199,-0.03899215951346591
344,20180531,201805,-0.0028000000000000004,-0.0128,-0.008,-0.0031456080000000007,4.817384823683945,4.905058008932115,-0.017874036369909807,-0.03899215951346591
345,20180601,201806,-0.0045000000000000005,-0.0026,-0.0116,-0.00457924,4.795324862403938,4.905058008932115,-0.022371426867603295,-0.03899215951346591
346,20180604,201806,0.001,0.0060999999999999995,0.0022,0.005147814999999999,4.820010307660494,4.905058008932115,-0.017338775834403686,-0.03899215951346591
347,20180605,201806,-0.016,0.004,0.0084,0.0045051,4.841724936097536,4.905058008932115,-0.012911788753415254,-0.03899215951346591
348,20180607,201806,0.029300000000000003,-0.003,0.015600000000000001,0.0017174799999999997,4.850040501840784,4.905058008932115,-0.011216484492363565,-0.03899215951346591
349,20180608,201806,-0.023,-0.006999999999999999,0.0074,-0.004254,4.829408429545953,4.905058008932115,-0.015422769567333017,-0.03899215951346591
350,20180611,201806,-0.0024,0.0003,-0.0026,-0.000383895,4.827554443796893,4.905058008932115,-0.015800743843210063,-0.03899215951346591
351,20180612,201806,-0.011899999999999999,0.003,-0.0126,-0.0006871899999999994,4.8242369966586605,4.905058008932115,-0.016477075730048307,-0.03899215951346591
352,20180614,201806,-0.0016,-0.0085,-0.0055000000000000005,-0.007701760000000001,4.787081881127275,4.905058008932115,-0.024051933247273616,-0.03899215951346591
353,20180615,201806,0.0223,0.0113,0.005,0.010187024999999999,4.8358480039273655,4.905058008932115,-0.014109925892561881,-0.03899215951346591
354,20180618,201806,0.016399999999999998,0.0073,0.001,0.006145035000000001,4.86556445916618,4.905058008932115,-0.008051596881018974,-0.03899215951346591
355,20180619,201806,-0.0268,-0.0072,-0.013600000000000001,-0.00901076,4.821722025560104,4.905058008932115,-0.016989805873907415,-0.03899215951346591
356,20180620,201806,0.0518,-0.0006,0.0001,0.000708715,4.825139252285449,4.905058008932115,-0.01629313180417724,-0.03899215951346591
357,20180621,201806,-0.006500000000000001,0.0,0.0,-0.00014365000000000002,4.824446121031857,4.905058008932115,-0.016434441295793745,-0.03899215951346591
358,20180622,201806,-0.0115,-0.0058,-0.0069,-0.006162745,4.794714289821699,4.905058008932115,-0.0224959050248702,-0.03899215951346591
359,20180625,201806,0.0291,0.018500000000000003,0.0187,0.018777310000000005,4.884746126403111,4.905058008932115,-0.004141007607252778,-0.03899215951346591
360,20180626,201806,-0.002,0.0049,0.0085,0.00552241,4.91172169725902,4.91172169725902,0.0,-0.03899215951346591
361,20180627,201806,0.0181,0.023,0.022099999999999998,0.022697984999999997,5.02320788266758,5.02320788266758,0.0,-0.03899215951346591
362,20180628,201806,-0.005699999999999999,-0.0091,0.008199999999999999,-0.005301035000000002,4.996579681869283,5.02320788266758,-0.0053010350000000095,-0.03899215951346591
363,20180629,201806,-0.0106,-0.0032,-0.0138,-0.00564519,4.968373040214992,5.02320788266758,-0.010916299650228334,-0.03899215951346591
364,20180702,201807,0.0278,-0.003,0.019299999999999998,0.008459815999999998,5.010404561954571,5.02320788266758,-0.0025488335366701254,-0.03899215951346591
365,20180703,201807,-0.0051,-0.004,-0.011899999999999999,-0.004460709,4.98805460523142,5.02320788266758,-0.006998172931973579,-0.03899215951346591
366,20180704,201807,0.024,-0.0113,-0.008100000000000001,0.0016722670000000007,4.996395964341946,5.02320788266758,-0.005337608745627942,-0.03899215951346591
367,20180705,201807,-0.0054,0.0083,-0.0019,0.0032005809999999997,5.012387334333896,5.02320788266758,-0.0021541111947646074,-0.03899215951346591
368,20180706,201807,-0.0176,-0.012199999999999999,-0.0123,-0.014181606,4.9413036320389825,5.02320788266758,-0.016305168438520257,-0.03899215951346591
369,20180709,201807,0.009899999999999999,0.0059,0.008199999999999999,0.007383972,4.977790079701457,5.02320788266758,-0.009041593345725518,-0.03899215951346591
370,20180710,201807,0.0138,-0.0042,-0.0016,0.002421764,4.989845112516035,5.02320788266758,-0.006641725950992883,-0.03899215951346591
371,20180711,201807,-0.0086,-0.0002,-0.0033,-0.0033038160000000002,4.973359582395783,5.02320788266758,-0.009923598910528408,-0.03899215951346591
372,20180712,201807,0.0025,0.0069,-0.0023,0.00521934,4.999317236998564,5.02320788266758,-0.004756053547266048,-0.03899215951346591
373,20180713,201807,0.0060999999999999995,0.0068000000000000005,0.0126,0.006585211,5.0322387958601364,5.0322387958601364,0.0,-0.03899215951346591
374,20180716,201807,-0.016,0.010700000000000001,0.0097,0.0008983990000000008,5.036759754162098,5.036759754162098,0.0,-0.03899215951346591
375,20180717,201807,-0.0011,-0.0042,-0.0055000000000000005,-0.0030722389999999996,5.021285624411731,5.036759754162098,-0.0030722389999999766,-0.03899215951346591
376,20180718,201807,0.0048,0.0066,-0.0049,0.0058564459999999995,5.050692512521674,5.050692512521674,0.0,-0.03899215951346591
377,20180719,201807,0.0034000000000000002,0.0179,0.0060999999999999995,0.012495533,5.1138036074847415,5.1138036074847415,0.0,-0.03899215951346591
378,20180720,201807,-0.0034999999999999996,-0.0019,-0.0004,-0.002476068,5.101141482013964,5.1138036074847415,-0.002476067999999998,-0.03899215951346591
379,20180723,201807,0.022799999999999997,0.0,0.0,0.008363724,5.1438060214544805,5.1438060214544805,0.0,-0.03899215951346591
380,20180724,201807,-0.011399999999999999,0.0,0.0,-0.004181862,5.122295334517989,5.1438060214544805,-0.004181862000000036,-0.03899215951346591
381,20180725,201807,0.011200000000000002,0.0,0.0,0.0041084960000000005,5.143340264410674,5.1438060214544805,-9.054716329970347e-05,-0.03899215951346591
382,20180726,201807,0.0137,0.0,0.0,0.005025571,5.169188486086629,5.169188486086629,0.0,-0.03899215951346591
383,20180727,201807,-0.0014000000000000002,0.008,0.009399999999999999,0.004561934,5.192769982793716,5.192769982793716,0.0,-0.03899215951346591
384,20180730,201807,-0.0002,0.0025,0.010700000000000001,0.001568927,5.200917059824511,5.200917059824511,0.0,-0.03899215951346591
385,20180731,201807,0.0052,0.0069,0.0088,0.006290145,5.23363158226378,5.23363158226378,0.0,-0.03899215951346591
386,20180801,201808,0.0213,0.0015,0.0137,0.010213044000000001,5.287082891893229,5.287082891893229,0.0,-0.03899215951346591
387,20180802,201808,-0.0051,-0.0075,-0.0067,-0.0067352160000000005,5.251473246606423,5.287082891893229,-0.006735216000000155,-0.03899215951346591
388,20180803,201808,-0.0012,0.0072,0.0013,0.0031927049999999997,5.26823965149823,5.287082891893229,-0.003564014557799311,-0.03899215951346591
389,20180806,201808,0.0042,-0.0026,0.0005,-7.543699999999992e-05,5.26784223130364,5.287082891893229,-0.0036391826992331344,-0.03899215951346591
390,20180807,201808,0.01,0.0232,0.024300000000000002,0.021354342999999998,5.380333541180784,5.380333541180784,0.0,-0.03899215951346591
391,20180808,201808,0.0031,0.0152,0.0087,0.010285495999999998,5.435672940297265,5.435672940297265,0.0,-0.03899215951346591
392,20180809,201808,-0.0067,0.0126,0.0148,0.010155375000000001,5.490874237383337,5.490874237383337,0.0,-0.03899215951346591
393,20180810,201808,-0.0042,0.0216,0.0321,0.021576483,5.609347992021377,5.609347992021377,0.0,-0.03899215951346591
394,20180813,201808,-0.0215,-0.019,-0.016399999999999998,-0.018323028999999998,5.506567746092477,5.609347992021377,-0.018323029000000046,-0.03899215951346591
395,20180814,201808,0.0002,0.0073,0.0009,0.0033063669999999993,5.524774479971422,5.609347992021377,-0.015077244658425637,-0.03899215951346591
396,20180816,201808,0.0288,0.014499999999999999,0.0,0.010787392,5.584372387998469,5.609347992021377,-0.004452496806836126,-0.03899215951346591
397,20180817,201808,0.0063,0.0,0.0,0.001106217,5.5905499156684035,5.609347992021377,-0.0033512052344962795,-0.03899215951346591
398,20180820,201808,-0.0197,0.0027,0.0029,-0.0011473739999999998,5.584135464049464,5.609347992021377,-0.004494734148741464,-0.03899215951346591
399,20180821,201808,0.022799999999999997,0.013300000000000001,0.0125,0.014624737,5.665801976583561,5.665801976583561,0.0,-0.03899215951346591
400,20180822,201808,0.0103,0.008199999999999999,0.013600000000000001,0.010886473,5.727482576824984,5.727482576824984,0.0,-0.03899215951346591
401,20180823,201808,0.005,0.009399999999999999,0.0038,0.006223827999999999,5.7631294432561395,5.7631294432561395,0.0,-0.03899215951346591
402,20180824,201808,0.0001,0.0067,0.0191,0.01086331,5.8257361049683585,5.8257361049683585,0.0,-0.03899215951346591
403,20180827,201808,0.012,-0.0070999999999999995,0.0072,0.0023914719999999995,5.839668189742779,5.839668189742779,0.0,-0.03899215951346591
404,20180828,201808,0.0024,0.0175,0.0124,0.01265962,5.913596169951011,5.913596169951011,0.0,-0.03899215951346591
405,20180829,201808,-0.0012,-0.0111,-0.0172,-0.01197984,5.842752234010385,5.913596169951011,-0.011979839999999964,-0.03899215951346591
406,20180830,201808,0.0039000000000000003,0.0053,0.0212,0.011878613,5.912156026653079,5.913596169951011,-0.0002435308831619798,-0.03899215951346591
407,20180831,201808,0.0098,0.0075,-0.002,0.0038263620000000003,5.934778075811536,5.934778075811536,0.0,-0.03899215951346591
408,20180903,201809,0.009899999999999999,0.0044,0.0038,0.004370918,5.960718504129106,5.960718504129106,0.0,-0.03899215951346591
409,20180904,201809,-0.0019,0.0105,0.0088,0.010173007000000001,6.021356935196641,6.021356935196641,0.0,-0.03899215951346591
410,20180905,201809,-0.0064,-0.0063,0.001,-0.005361719,5.989072111311415,6.021356935196641,-0.0053617190000000425,-0.03899215951346591
411,20180906,201809,-0.0064,0.0037,0.0066,0.003984877,6.012937827019122,6.021356935196641,-0.0013982077907235269,-0.03899215951346591
412,20180907,201809,-0.0183,0.0088,0.0019,0.00767548,6.059090011051651,6.059090011051651,0.0,-0.03899215951346591
413,20180910,201809,-0.004699999999999999,0.0108,0.0105,0.01062604,6.123474143872686,6.123474143872686,0.0,-0.03899215951346591
414,20180911,201809,0.0039000000000000003,0.0006,0.0027,0.0008990339999999999,6.128979355326148,6.128979355326148,0.0,-0.03899215951346591
415,20180912,201809,-0.0015,-0.0025,-0.005699999999999999,-0.002902997,6.111186946644574,6.128979355326148,-0.0029029970000000738,-0.03899215951346591
416,20180913,201809,-0.0017000000000000001,0.0177,-0.0048,0.014635771,6.200628879333854,6.200628879333854,0.0,-0.03899215951346591
417,20180914,201809,0.0067,0.0039000000000000003,0.0018,0.003654325,6.223287992463326,6.223287992463326,0.0,-0.03899215951346591
418,20180917,201809,-0.0002,0.0008,0.0016,0.0008941960000000001,6.228852831693034,6.228852831693034,0.0,-0.03899215951346591
419,20180918,201809,-0.006500000000000001,0.0051,-0.0009,0.0042267070000000006,6.2551803675587205,6.2551803675587205,0.0,-0.03899215951346591
420,20180919,201809,-0.0264,-0.047,-0.0361,-0.045418032000000004,5.971082385459167,6.2551803675587205,-0.04541803200000005,-0.04541803200000005
421,20180920,201809,0.0031,-0.0005,0.0003,-0.000365613,5.968899280114972,6.2551803675587205,-0.045767039577066404,-0.045767039577066404
422,20180921,201809,0.011699999999999999,0.0051,-0.0017000000000000001,0.004282847,5.994463162490114,6.2551803675587205,-0.04168020580521792,-0.045767039577066404
423,20180927,201809,0.0001,0.0005,0.0,0.000432179,5.997053843585216,6.2551803675587205,-0.04126604011488266,-0.045767039577066404
424,20180928,201809,0.0001,0.022000000000000002,0.0274,0.022503578000000003,6.132009012524536,6.2551803675587205,-0.019691095667358938,-0.045767039577066404
425,20181001,201810,0.010700000000000001,-0.0002,0.004699999999999999,0.007993337,6.181024227048682,6.2551803675587205,-0.011855156230927366,-0.045767039577066404
426,20181002,201810,0.0213,-0.0008,0.0052,0.01404334,6.267826451817363,6.267826451817363,0.0,-0.045767039577066404
427,20181004,201810,-0.0072,-0.0042,-0.0012,-0.004500209999999999,6.23961991654063,6.267826451817363,-0.0045002100000000045,-0.045767039577066404
428,20181005,201810,-0.0021,-0.0014000000000000002,0.0,-0.0011553779999999999,6.232410796960697,6.267826451817363,-0.005650388556370678,-0.045767039577066404
429,20181008,201810,0.0038,0.0,0.0,0.0020884799999999998,6.245427062261934,6.267826451817363,-0.003573709279862891,-0.045767039577066404
430,20181010,201810,0.0203,0.0,0.0,0.01115688,6.315106542544342,6.315106542544342,0.0,-0.045767039577066404
431,20181011,201810,-0.0070999999999999995,0.0,0.0,-0.0039021599999999996,6.290463986398287,6.315106542544342,-0.003902159999999988,-0.045767039577066404
432,20181012,201810,0.0059,0.0,0.0,0.0032426399999999998,6.310861696539143,6.315106542544342,-0.0006721733001021635,-0.045767039577066404
433,20181015,201810,0.015600000000000001,0.0,0.0,0.00857376,6.3649695101184625,6.3649695101184625,0.0,-0.045767039577066404
434,20181016,201810,0.0178,0.0008,0.001,0.010233105999999999,6.430102917802273,6.430102917802273,0.0,-0.045767039577066404
435,20181017,201810,0.0019,-0.0039000000000000003,0.0009,0.0014454239999999998,6.439397142882134,6.439397142882134,0.0,-0.045767039577066404
436,20181018,201810,0.0070999999999999995,0.013000000000000001,0.0138,0.010116983999999999,6.504544420746318,6.504544420746318,0.0,-0.045767039577066404
437,20181019,201810,-0.005600000000000001,0.0009,0.0161,0.004160456,6.5316062916088775,6.5316062916088775,0.0,-0.045767039577066404
438,20181022,201810,0.0034000000000000002,0.006,-0.0001,0.001828907,6.543551992076845,6.543551992076845,0.0,-0.045767039577066404
439,20181023,201810,-0.0077,-0.0212,-0.0147,-0.010858455,6.4724991272307175,6.543551992076845,-0.010858455000000045,-0.045767039577066404
440,20181024,201810,0.0138,-0.0115,0.0040999999999999995,0.009417547999999998,6.533454198441372,6.543551992076845,-0.0015431670211683013,-0.045767039577066404
441,20181025,201810,0.0,-0.0021,0.0118,0.005302627,6.5680986690772905,6.5680986690772905,0.0,-0.045767039577066404
442,20181026,201810,0.0116,0.0,0.0,0.006375359999999999,6.609972662608179,6.609972662608179,0.0,-0.045767039577066404
443,20181029,201810,-0.0060999999999999995,0.0,0.0,-0.0033525599999999997,6.587812332658426,6.609972662608179,-0.003352559999999949,-0.045767039577066404
444,20181030,201810,-0.0029,0.0,0.0,-0.0015938399999999998,6.577312413850142,6.609972662608179,-0.004941056555769485,-0.045767039577066404
445,20181031,201810,0.014499999999999999,0.0,0.0,0.0079692,6.629728331938597,6.629728331938597,0.0,-0.045767039577066404
446,20181101,201811,0.0199,0.0333,0.0348,0.021302897,6.770960751731867,6.770960751731867,0.0,-0.045767039577066404
447,20181102,201811,0.011699999999999999,0.0124,0.0079,0.011353495999999998,6.847834827542811,6.847834827542811,0.0,-0.045767039577066404
448,20181105,201811,0.0126,-0.0001,0.0,0.011409908,6.925967992924271,6.925967992924271,0.0,-0.045767039577066404
449,20181106,201811,0.0079,0.008100000000000001,0.0032,0.007469605000000001,6.977702238074058,6.977702238074058,0.0,-0.045767039577066404
450,20181107,201811,0.0037,-0.0066,-0.0033,0.003029948,6.9988443130149065,6.9988443130149065,0.0,-0.045767039577066404
451,20181108,201811,0.0023,0.0271,0.0274,0.004669371,7.031524513683614,7.031524513683614,0.0,-0.045767039577066404
452,20181109,201811,0.0060999999999999995,-0.0053,-0.006,0.004959314999999999,7.066396058677193,7.066396058677193,0.0,-0.045767039577066404
453,20181112,201811,0.0028000000000000004,-0.0043,-0.0033,0.002221237,7.082092199059382,7.082092199059382,0.0,-0.045767039577066404
454,20181113,201811,-0.016200000000000003,-0.021,0.0039000000000000003,-0.014370183000000002,6.980321238136026,7.082092199059382,-0.014370183000000036,-0.045767039577066404
455,20181114,201811,0.0159,0.0002,-0.015300000000000001,0.012996254,7.071039265948436,7.082092199059382,-0.001560687548294526,-0.045767039577066404
456,20181115,201811,0.0073,0.0052,-0.012,0.005524629,7.110104134537233,7.110104134537233,0.0,-0.045767039577066404
457,20181116,201811,0.0075,0.0073,-0.0001,0.006802608,7.1584713858036695,7.1584713858036695,0.0,-0.045767039577066404
458,20181119,201811,-0.0017000000000000001,0.0015,0.0015,-0.001397824,7.14846510269728,7.1584713858036695,-0.001397823999999992,-0.045767039577066404
459,20181120,201811,-0.0075,0.0045000000000000005,0.005,-0.006320995,7.103279690525455,7.1584713858036695,-0.0077099833614852065,-0.045767039577066404
460,20181121,201811,-0.008199999999999999,-0.001,-0.0066,-0.008033568,7.0462150101086,7.1584713858036695,-0.01568161268587176,-0.045767039577066404
461,20181122,201811,-0.0132,-0.0077,-0.0034000000000000002,-0.012286368,6.959642619487282,7.1584713858036695,-0.027775310621579785,-0.045767039577066404
462,20181123,201811,0.0017000000000000001,-0.0121,-0.0143,0.00019514800000000002,6.961000779825189,7.1584713858036695,-0.027585582917897034,-0.045767039577066404
463,20181126,201811,0.015300000000000001,0.011699999999999999,0.0101,0.014813348,7.06411650680501,7.1584713858036695,-0.013180869757442815,-0.045767039577066404
464,20181127,201811,0.0079,0.0034000000000000002,0.0066,0.0077684730000000006,7.118993905156979,7.1584713858036695,-0.005514791988269985,-0.045767039577066404
465,20181128,201811,0.011399999999999999,-0.0040999999999999995,0.0033,0.010614840999999998,7.1945608935401895,7.1945608935401895,0.0,-0.045767039577066404
466,20181129,201811,0.0095,-0.0015,0.0013,0.008718001999999999,7.257283089799194,7.257283089799194,0.0,-0.045767039577066404
467,20181130,201811,0.0062,0.0076,-0.0074,0.004956852,7.293256367997432,7.293256367997432,0.0,-0.045767039577066404
468,20181203,201812,0.0204,0.0379,0.0387,0.037806744999999996,7.568990651721936,7.568990651721936,0.0,-0.045767039577066404
469,20181204,201812,-0.0034000000000000002,0.0053,0.0134,0.012543871,7.663935094057343,7.663935094057343,0.0,-0.045767039577066404
470,20181205,201812,0.025,0.043899999999999995,0.0285,0.028405113000000003,7.8816300364287075,7.8816300364287075,0.0,-0.045767039577066404
471,20181206,201812,0.0006,-0.0138,-0.0146,-0.013857226,7.772412507765527,7.8816300364287075,-0.013857226000000056,-0.045767039577066404
472,20181207,201812,-0.002,0.0109,0.0015,0.001375623,7.783104417176696,7.8816300364287075,-0.012500665318801896,-0.045767039577066404
473,20181210,201812,0.0,-0.0054,0.0,-2.6298e-05,7.7828997370967326,7.8816300364287075,-0.012526634576305429,-0.045767039577066404
474,20181211,201812,-0.006999999999999999,0.0,0.0,-0.00034033999999999996,7.780250905000209,7.8816300364287075,-0.012862711261493742,-0.045767039577066404
475,20181212,201812,0.0178,0.0,0.0,0.0008654359999999999,7.786984214222429,7.8816300364287075,-0.012008407114877051,-0.045767039577066404
476,20181213,201812,0.0085,0.0048,0.0147,0.01435049,7.898731253318785,7.898731253318785,0.0,-0.045767039577066404
477,20181214,201812,0.0095,0.0055000000000000005,-0.0004,0.00011006699999999993,7.899600642971644,7.899600642971644,0.0,-0.045767039577066404
478,20181217,201812,-0.0023,-0.0025,-0.0036,-0.003531473,7.871703416590207,7.899600642971644,-0.003531473000000007,-0.045767039577066404
479,20181218,201812,0.0206,0.0049,0.0088,0.009354811000000001,7.945341714300461,7.945341714300461,0.0,-0.045767039577066404
480,20181219,201812,-0.0076,-0.0023,0.0031,0.002553499,7.965630136422586,7.965630136422586,0.0,-0.045767039577066404
481,20181220,201812,0.0192,0.0029,-0.0002,0.0007583229999999998,7.971670656964528,7.971670656964528,0.0,-0.045767039577066404
482,20181221,201812,-0.0141,0.0055000000000000005,0.005699999999999999,0.004736406999999999,8.00942773366587,8.00942773366587,0.0,-0.045767039577066404
483,20181224,201812,-0.0054,-0.0044,0.0087,0.007950747999999999,8.073108675200459,8.073108675200459,0.0,-0.045767039577066404
484,20181226,201812,-0.026699999999999998,-0.0318,-0.0187,-0.019152944,7.91848487683843,8.073108675200459,-0.019152944000000005,-0.045767039577066404
485,20181227,201812,0.0023,0.009899999999999999,-0.0052,-0.004761865,7.880778120850383,8.073108675200459,-0.023823605266319547,-0.045767039577066404
486,20181228,201812,0.0001,0.0025,0.0034000000000000002,0.0032352050000000005,7.906274053630849,8.073108675200459,-0.020665474513195115,-0.045767039577066404
487,20190102,201901,0.0029,0.0116,0.0069,0.00961725,7.98231066777313,8.073108675200459,-0.01124696954795723,-0.045767039577066404
488,20190103,201901,-0.012,0.0027,0.0017000000000000001,0.0005545820000000003,7.986737513587885,8.073108675200459,-0.010698624914823096,-0.045767039577066404
489,20190104,201901,0.013500000000000002,0.0138,0.011899999999999999,0.013429994,8.093999350474945,8.093999350474945,0.0,-0.045767039577066404
490,20190107,201901,-0.0022,0.0043,0.0005,0.002768562,8.116408089504695,8.116408089504695,0.0,-0.045767039577066404
491,20190108,201901,0.0019,0.0116,0.014499999999999999,0.010802165999999998,8.204082877011267,8.204082877011267,0.0,-0.045767039577066404
492,20190109,201901,0.0038,0.0040999999999999995,0.008,0.004736642,8.242942680537999,8.242942680537999,0.0,-0.045767039577066404
493,20190110,201901,0.0022,-0.0066,0.0064,-0.003163288,8.216867878871964,8.242942680537999,-0.0031632880000000974,-0.045767039577066404
494,20190111,201901,0.0092,0.0085,0.006500000000000001,0.008246778000000001,8.284630564124353,8.284630564124353,0.0,-0.045767039577066404
495,20190114,201901,0.0,0.0102,0.0023,0.007460648000000001,8.346439276573324,8.346439276573324,0.0,-0.045767039577066404
496,20190115,201901,0.0001,0.004,0.0016,0.00306031,8.371981968155815,8.371981968155815,0.0,-0.045767039577066404
497,20190116,201901,0.0012,0.013000000000000001,0.0076,0.010479924000000002,8.459719702911459,8.459719702911459,0.0,-0.045767039577066404
498,20190117,201901,0.0064,0.0124,0.0219,0.013243979999999999,8.571760061462424,8.571760061462424,0.0,-0.045767039577066404
499,20190118,201901,0.006500000000000001,0.0038,0.0032,0.0040580419999999996,8.606544623805762,8.606544623805762,0.0,-0.045767039577066404
500,20190121,201901,0.0246,0.0106,0.0172,0.013623455999999999,8.723795505800215,8.723795505800215,0.0,-0.045767039577066404
501,20190122,201901,-0.0043,-0.0058,-0.0092,-0.006188894,8.669804860137141,8.723795505800215,-0.006188894,-0.045767039577066404
502,20190123,201901,0.0075,0.002,0.0067,0.003553502,8.700613029047247,8.723795505800215,-0.002657384247206962,-0.045767039577066404
503,20190124,201901,0.012,0.0012,0.0003,0.002492508,8.722299376627051,8.723795505800215,-0.00017149979870223486,-0.045767039577066404
504,20190125,201901,0.0034000000000000002,0.0027,0.0045000000000000005,0.0031063060000000005,8.749393507514464,8.749393507514464,0.0,-0.045767039577066404
505,20190128,201901,-0.0026,-0.0017000000000000001,-0.0043,-0.0022719820000000005,8.729515042954475,8.749393507514464,-0.0022719819999998947,-0.045767039577066404
506,20190129,201901,0.0091,-0.0007000000000000001,-0.0006,0.000631928,8.735031467936539,8.749393507514464,-0.0016414897290412123,-0.045767039577066404
507,20190130,201901,-0.0053,0.0038,-0.0066,0.0007743019999999999,8.741795020272225,8.749393507514464,-0.000868458737821487,-0.045767039577066404
508,20190131,201901,-0.0038,-0.0060999999999999995,-0.0002,-0.004767474,8.700118739799747,8.749393507514464,-0.005631792383368861,-0.045767039577066404
509,20190201,201902,0.018500000000000003,0.011200000000000002,-0.021099999999999997,0.0027611330000000024,8.724140924756126,8.749393507514464,-0.0028862095111678032,-0.045767039577066404
510,20190207,201902,0.0049,-0.0026,-0.002,-0.002408957,8.703124844406448,8.749393507514464,-0.00528821375656241,-0.045767039577066404
511,20190208,201902,-0.0027,0.0087,0.002,0.006891538,8.763102759990419,8.763102759990419,0.0,-0.045767039577066404
512,20190211,201902,-0.0017000000000000001,0.0036,-0.0021,0.0020812070000000003,8.78134059079623,8.78134059079623,0.0,-0.045767039577066404
513,20190212,201902,0.012,0.0011,0.012,0.004007793,8.816534386146639,8.816534386146639,0.0,-0.045767039577066404
514,20190213,201902,-0.0040999999999999995,-0.0029,0.0004,-0.002039864,8.798549855047577,8.816534386146639,-0.0020398639999998913,-0.045767039577066404
515,20190214,201902,0.0048,0.026000000000000002,0.0048,0.020344476000000004,8.977551741408396,8.977551741408396,0.0,-0.045767039577066404
516,20190215,201902,-0.018600000000000002,-0.015700000000000002,-0.0045000000000000005,-0.012775485000000003,8.862859163799309,8.977551741408396,-0.01277548500000003,-0.045767039577066404
517,20190218,201902,-0.0053,-0.0059,-0.0008,-0.004559678,8.822447379853035,8.977551741408396,-0.017276910902106257,-0.045767039577066404
518,20190219,201902,0.009899999999999999,0.0048,0.0088,0.005872019000000001,8.874252958494031,8.977551741408396,-0.011506342251184742,-0.045767039577066404
519,20190220,201902,0.0048,0.0068000000000000005,-0.0029,0.004246904000000001,8.91194105888047,8.977551741408396,-0.007308304582116731,-0.045767039577066404
520,20190221,201902,0.010700000000000001,0.0078000000000000005,0.0064,0.007445829000000001,8.978297848062972,8.978297848062972,0.0,-0.045767039577066404
521,20190222,201902,-0.0111,-0.0141,-0.0076,-0.01238171,8.867131167814632,8.978297848062972,-0.012381710000000101,-0.045767039577066404
522,20190225,201902,0.0213,0.0189,0.0204,0.019304196000000003,9.038304005835835,9.038304005835835,0.0,-0.045767039577066404
523,20190226,201902,-0.0048,0.014199999999999999,0.0079,0.012462326000000001,9.150942296843668,9.150942296843668,0.0,-0.045767039577066404
524,20190227,201902,-0.0024,0.0076,0.0087,0.007843608,9.222718701050729,9.222718701050729,0.0,-0.045767039577066404
525,20190228,201902,-0.0329,-0.057999999999999996,-0.0254,-0.049336973,8.767697677510395,9.222718701050729,-0.04933697299999995,-0.04933697299999995
526,20190304,201903,-0.0016,0.0053,0.0,0.001864156,8.78404203374211,9.222718701050729,-0.04756478881423987,-0.04933697299999995
527,20190305,201903,0.0092,0.0085,0.01,0.009432932,8.866901304931542,9.222718701050729,-0.038580532232718956,-0.04933697299999995
528,20190306,201903,0.0338,0.012,0.018799999999999997,0.016816217999999997,9.016009050259754,9.222718701050729,-0.0224130928733004,-0.04933697299999995
529,20190307,201903,-0.0059,-0.0072,-0.0058,-0.006308887,8.959128067970688,9.222718701050729,-0.028580578203042273,-0.04933697299999995
530,20190308,201903,0.0143,0.008,0.011200000000000002,0.010141713,9.049988973566293,9.222718701050729,-0.01872872122455138,-0.04933697299999995
531,20190311,201903,0.009000000000000001,0.0058,0.0195,0.014220157,9.178681237618674,9.222718701050729,-0.004774889580773767,-0.04933697299999995
532,20190312,201903,0.0163,0.0022,-0.010700000000000001,-0.005189234,9.13105091286526,9.222718701050729,-0.00993934556141507,-0.04933697299999995
533,20190313,201903,0.021400000000000002,0.0152,0.0227,0.019949737000000002,9.313212977110531,9.313212977110531,0.0,-0.04933697299999995
534,20190314,201903,0.006,0.0031,0.0067,0.005377478999999999,9.36329458431747,9.36329458431747,0.0,-0.04933697299999995
535,20190315,201903,-0.012,0.0149,-0.0037,0.0027575309999999997,9.38911415939586,9.38911415939586,0.0,-0.04933697299999995
536,20190318,201903,0.0034000000000000002,0.0066,0.0086,0.007713668,9.461538668835539,9.461538668835539,0.0,-0.04933697299999995
537,20190319,201903,0.008199999999999999,-0.0051,0.0059,0.0019988329999999993,9.480450704557583,9.480450704557583,0.0,-0.04933697299999995
538,20190320,201903,-0.0018,-0.0013,-0.0115,-0.007509704999999999,9.409255316499314,9.480450704557583,-0.007509705000000033,-0.04933697299999995
539,20190321,201903,-0.0044,-0.0015,0.0092,0.004906195999999999,9.455418967296103,9.480450704557583,-0.0026403530846320633,-0.04933697299999995
540,20190322,201903,-0.0068000000000000005,0.0049,0.0001,0.0016165329999999999,9.470703964085562,9.480450704557583,-0.0010280883025250986,-0.04933697299999995
541,20190325,201903,-0.0154,0.0005,-0.0002,-0.000426084,9.466668648657729,9.480450704557583,-0.0014537342505487327,-0.04933697299999995
542,20190326,201903,0.026000000000000002,0.022000000000000002,0.0027,0.010406115,9.565179891282556,9.565179891282556,0.0,-0.04933697299999995
543,20190327,201903,0.0102,0.015300000000000001,0.026099999999999998,0.021697598999999998,9.772721328926467,9.772721328926467,0.0,-0.04933697299999995
544,20190328,201903,-0.018500000000000003,-0.0187,-0.0076,-0.011953222999999999,9.655905811564953,9.772721328926467,-0.011953223000000013,-0.04933697299999995
545,20190329,201903,0.011000000000000001,-0.009300000000000001,0.0097,0.0028774029999999997,9.683689743914869,9.772721328926467,-0.009110214239719694,-0.04933697299999995
546,20190401,201904,0.0063,0.0038,0.005699999999999999,0.006129898999999999,9.743049783992403,9.772721328926467,-0.0030361599328775357,-0.04933697299999995
547,20190402,201904,-0.0009,0.0118,0.011699999999999999,0.0022681509999999995,9.765148492103014,9.772721328926467,-0.0007748954020655452,-0.04933697299999995
548,20190403,201904,0.0048,-0.002,-0.0036,0.0027048159999999996,9.791561421986831,9.791561421986831,0.0,-0.04933697299999995
549,20190404,201904,0.016200000000000003,0.0172,0.023399999999999997,0.017946862,9.967289223591752,9.967289223591752,0.0,-0.04933697299999995
550,20190405,201904,0.0265,-0.009300000000000001,-0.0015,0.019382749999999997,10.160482698790323,10.160482698790323,0.0,-0.04933697299999995
551,20190408,201904,-0.0037,0.0034999999999999996,0.001,-0.002493233,10.13515024802977,10.160482698790323,-0.002493233000000039,-0.04933697299999995
552,20190409,201904,-0.004,0.013300000000000001,-0.0001,-0.002883686,10.10592365715163,10.160482698790323,-0.005369729298903225,-0.04933697299999995
553,20190410,201904,0.0064,0.013000000000000001,0.006,0.006370506,10.170303504445057,10.170303504445057,0.0,-0.04933697299999995
554,20190411,201904,-0.0046,-0.0013,-0.0054,-0.004759473,10.121898219513845,10.170303504445057,-0.004759473000000014,-0.04933697299999995
555,20190412,201904,0.019,0.0060999999999999995,-0.0015,0.013924259999999999,10.262838162015893,10.262838162015893,0.0,-0.04933697299999995
556,20190415,201904,0.010700000000000001,-0.0013,0.0021,0.008503793999999999,10.350111223601013,10.350111223601013,0.0,-0.04933697299999995
557,20190416,201904,0.0083,0.0034999999999999996,0.0064,0.007792980999999999,10.430769443714421,10.430769443714421,0.0,-0.04933697299999995
558,20190417,201904,-0.008100000000000001,0.004,0.002,-0.005540964000000001,10.3729729257345,10.430769443714421,-0.005540964000000037,-0.04933697299999995
559,20190418,201904,-0.009000000000000001,-0.009300000000000001,-0.0096,-0.009147771,10.278083344820681,10.430769443714421,-0.014638047530208698,-0.04933697299999995
560,20190419,201904,0.0171,-0.0021,-0.006500000000000001,0.011212564000000001,10.393327012121818,10.430769443714421,-0.0035896135749761138,-0.04933697299999995
561,20190422,201904,0.0040999999999999995,0.014199999999999999,0.016399999999999998,0.007169398,10.46784091001587,10.46784091001587,0.0,-0.04933697299999995
562,20190423,201904,0.0248,0.022099999999999998,0.0338,0.026943484999999996,10.74988102455727,10.74988102455727,0.0,-0.04933697299999995
563,20190424,201904,-0.008,-0.0154,-0.0138,-0.009474128,10.648035275745844,10.74988102455727,-0.009474127999999915,-0.04933697299999995
564,20190425,201904,-0.0148,-0.0351,-0.0158,-0.015247255,10.485681966647551,10.74988102455727,-0.024576928554481348,-0.04933697299999995
565,20190426,201904,0.0025,-0.0138,0.0026,0.002358676,10.510414293045915,10.74988102455727,-0.022276221566016607,-0.04933697299999995
566,20190429,201904,-0.0087,0.009399999999999999,0.0051,-0.005187587,10.455890604494696,10.74988102455727,-0.027348248728611524,-0.04933697299999995
567,20190430,201904,0.004,0.0023,0.004,0.003982745,10.497533750520295,10.74988102455727,-0.023474424829494134,-0.04933697299999995
568,20190502,201905,0.0151,0.0259,0.0173,0.016889067,10.674827301367593,10.74988102455727,-0.0069818189632260275,-0.04933697299999995
569,20190503,201905,-0.012199999999999999,0.006999999999999999,0.0058,-0.007534217999999999,10.594400825366737,10.74988102455727,-0.014463434417120613,-0.04933697299999995
570,20190507,201905,0.0189,0.039,-0.0115,0.018594375,10.791397087213914,10.791397087213914,0.0,-0.04933697299999995
571,20190508,201905,0.0174,-0.0102,0.0086,0.012492473999999998,10.92620833474961,10.92620833474961,0.0,-0.04933697299999995
572,20190509,201905,0.0302,-0.0064,0.030699999999999998,0.024974673,11.199086815039855,11.199086815039855,0.0,-0.04933697299999995
573,20190510,201905,0.0226,-0.01,-0.0088,0.014589607999999997,11.362477101629256,11.362477101629256,0.0,-0.04933697299999995
574,20190513,201905,-0.018500000000000003,0.0,0.0,-0.013882400000000001,11.2047386495136,11.362477101629256,-0.013882399999999961,-0.04933697299999995
575,20190514,201905,0.0241,0.0,0.0,0.01808464,11.40737231428414,11.40737231428414,0.0,-0.04933697299999995
576,20190515,201905,-0.0026,0.0137,0.0073,0.0007938470000000002,11.416428022573717,11.416428022573717,0.0,-0.04933697299999995
577,20190516,201905,0.0040999999999999995,0.0023,-0.0007000000000000001,0.0033345269999999995,11.454496410058546,11.454496410058546,0.0,-0.04933697299999995
578,20190517,201905,0.0277,0.003,0.0043,0.021671856999999996,11.70273661826435,11.70273661826435,0.0,-0.04933697299999995
579,20190520,201905,0.0034999999999999996,0.0215,0.008100000000000001,0.006580358999999999,11.779744826494975,11.779744826494975,0.0,-0.04933697299999995
580,20190521,201905,0.0096,-0.0034000000000000002,-0.0031,0.006386850999999999,11.85498030151982,11.85498030151982,0.0,-0.04933697299999995
581,20190522,201905,0.005600000000000001,0.016399999999999998,0.0167,0.008327133,11.953698299202957,11.953698299202957,0.0,-0.04933697299999995
582,20190523,201905,0.0235,-0.0006,0.0009,0.017642731,12.164594182750953,12.164594182750953,0.0,-0.04933697299999995
583,20190524,201905,-0.0274,-0.018600000000000002,-0.009300000000000001,-0.024223207,11.869928699791181,12.164594182750953,-0.024223207000000024,-0.04933697299999995
584,20190527,201905,0.0033,0.012,0.0245,0.006788775,11.950510975000105,12.164594182750953,-0.017598877902101462,-0.04933697299999995
585,20190528,201905,0.0204,0.0001,0.0021,0.015543898999999998,12.136268510593899,12.164594182750953,-0.0023285340827250423,-0.04933697299999995
586,20190529,201905,-0.015600000000000001,-0.0016,-0.0039000000000000003,-0.012347981,11.986410097614186,12.164594182750953,-0.014647762388113716,-0.04933697299999995
587,20190530,201905,-0.0003,-0.0231,-0.015600000000000001,-0.005200224,11.92407808015073,12.164594182750953,-0.019771814742596816,-0.04933697299999995
588,20190531,201905,-0.0001,-0.0144,-0.0213,-0.004396327,11.871655933736855,12.164594182750953,-0.024081218379604974,-0.04933697299999995
589,20190603,201906,0.0049,0.0072,-0.0023,0.004978033999999999,11.9307534406113,12.164594182750953,-0.01922306150345998,-0.04933697299999995
590,20190604,201906,0.028999999999999998,0.0146,0.026000000000000002,0.028237874,12.267652552992349,12.267652552992349,0.0,-0.04933697299999995
591,20190605,201906,-0.011200000000000002,-0.006999999999999999,-0.0154,-0.011006590000000002,12.132627531079109,12.267652552992349,-0.011006589999999927,-0.04933697299999995
592,20190607,201906,0.0042,0.009399999999999999,0.0011,0.004451409,12.186634818464603,12.267652552992349,-0.006604175833785253,-0.04933697299999995
593,20190610,201906,0.0016,-0.0028000000000000004,-0.0073,0.001321703,12.20274193026407,12.267652552992349,-0.005291201592797501,-0.04933697299999995
594,20190611,201906,0.0146,0.0325,0.0292,0.01560922,12.393217213656786,12.393217213656786,0.0,-0.04933697299999995
595,20190612,201906,0.0067,0.0009,0.0,0.006361785,12.47206019702837,12.47206019702837,0.0,-0.04933697299999995
596,20190613,201906,0.0092,0.0006,-0.0029,0.008686186999999998,12.580394844175014,12.580394844175014,0.0,-0.04933697299999995
597,20190614,201906,-0.0024,0.0097,-0.0019,-0.0017711009999999998,12.558113694286101,12.580394844175014,-0.0017711009999999971,-0.04933697299999995
598,20190617,201906,0.0014000000000000002,-0.0072,0.0058,0.0009800720000000002,12.570421549890687,12.580394844175014,-0.0007927648064992576,-0.04933697299999995
599,20190618,201906,0.0006,-0.030899999999999997,-0.02,-0.0011470240000000002,12.556002974682846,12.580394844175014,-0.0019388794862398306,-0.04933697299999995
600,20190619,201906,0.006999999999999999,0.0265,0.031400000000000004,0.008147765999999999,12.658306348815866,12.658306348815866,0.0,-0.04933697299999995
601,20190620,201906,0.0163,-0.005600000000000001,-0.0049,0.015046265999999999,12.848766593249637,12.848766593249637,0.0,-0.04933697299999995
602,20190621,201906,0.0077,-0.0174,-0.015,0.006272163000000001,12.929356151671454,12.929356151671454,0.0,-0.04933697299999995
603,20190624,201906,0.0045000000000000005,0.0104,-0.0017000000000000001,0.004769988000000001,12.991029025362653,12.991029025362653,0.0,-0.04933697299999995
604,20190625,201906,0.0212,0.0124,0.0163,0.020716807000000004,13.260161666412488,13.260161666412488,0.0,-0.04933697299999995
605,20190626,201906,0.003,0.0096,0.0171,0.0034217130000000003,13.305534133968553,13.305534133968553,0.0,-0.04933697299999995
606,20190627,201906,0.001,-0.01,-0.0089,0.000374529,13.310517442362213,13.310517442362213,0.0,-0.04933697299999995
607,20190628,201906,-0.0067,-0.0084,0.0026,-0.006735041,13.220870561656689,13.310517442362213,-0.006735040999999997,-0.04933697299999995
608,20190701,201907,0.001,-0.0004,0.0,-0.000384158,13.215791658463464,13.310517442362213,-0.007116611680119456,-0.04933697299999995
609,20190702,201907,0.0183,0.0034999999999999996,0.0042,0.0036338099999999995,13.263815334349905,13.310517442362213,-0.003508662094808823,-0.04933697299999995
610,20190703,201907,-0.0027,-0.0031,-0.0008,-0.003074622,13.223034115918976,13.310517442362213,-0.00657249628514156,-0.04933697299999995
611,20190704,201907,0.0025,0.0115,0.0052,0.011362588,13.373282004688106,13.373282004688106,0.0,-0.04933697299999995
612,20190705,201907,-0.0143,0.0045000000000000005,0.0016,0.0043108420000000005,13.430932110431758,13.430932110431758,0.0,-0.04933697299999995
613,20190708,201907,-0.0192,0.0028000000000000004,-0.0168,0.0024240360000000005,13.463489173381001,13.463489173381001,0.0,-0.04933697299999995
614,20190709,201907,-0.003,0.0021,-0.0023,0.0020142149999999998,13.490607535226362,13.490607535226362,0.0,-0.04933697299999995
615,20190710,201907,0.0086,0.0037,0.0,0.003706793,13.540614424803687,13.540614424803687,0.0,-0.04933697299999995
616,20190711,201907,0.0097,0.0029,0.0068000000000000005,0.0029956180000000002,13.581176933105688,13.581176933105688,0.0,-0.04933697299999995
617,20190712,201907,-0.0182,0.005600000000000001,0.0012,0.005353582000000001,13.653884877473576,13.653884877473576,0.0,-0.04933697299999995
618,20190715,201907,-0.0007000000000000001,0.009300000000000001,-0.0054,0.009073862000000002,13.777778344615657,13.777778344615657,0.0,-0.04933697299999995
619,20190716,201907,-0.0005,0.0102,0.0002,0.010012687000000001,13.91573092673567,13.91573092673567,0.0,-0.04933697299999995
620,20190717,201907,0.0101,0.0013,-0.0060999999999999995,0.001304996,13.933890899932136,13.933890899932136,0.0,-0.04933697299999995
621,20190718,201907,0.006999999999999999,-0.0212,-0.018600000000000002,-0.020932958,13.642213346947274,13.933890899932136,-0.020932957999999946,-0.04933697299999995
622,20190719,201907,-0.0084,-0.0009,-0.0004,-0.000959655,13.62912152869781,13.933890899932136,-0.021872524582190467,-0.04933697299999995
623,20190722,201907,0.0045000000000000005,-0.0031,-0.0088,-0.003089094,13.587019891158238,13.933890899932136,-0.024894052297738778,-0.04933697299999995
624,20190723,201907,-0.01,-0.0152,-0.0016,-0.015025588,13.38286692812589,13.933890899932136,-0.039545592524262485,-0.04933697299999995
625,20190724,201907,-0.0151,0.0209,0.0092,0.020479142,13.656936560314083,13.933890899932136,-0.019876310329041136,-0.04933697299999995
626,20190725,201907,0.011399999999999999,-0.0015,-0.0019,-0.0013930050000000001,13.637912379400884,13.933890899932136,-0.021241627529371088,-0.04933697299999995
627,20190726,201907,0.0062,0.0091,0.0182,0.009161903,13.762861609743455,13.933890899932136,-0.012274338260357287,-0.04933697299999995
628,20190729,201907,-0.0152,-0.0296,-0.0077,-0.029267378,13.360058736649405,13.933890899932136,-0.04118247856279156,-0.04933697299999995
629,20190730,201907,0.022799999999999997,0.0062,0.0034999999999999996,0.006316836,13.444452036639188,13.933890899932136,-0.03512578552594603,-0.04933697299999995
630,20190731,201907,-0.0416,0.0027,0.0,0.0022937050000000005,13.475289643497888,13.933890899932136,-0.03291264871583577,-0.04933697299999995
631,20190801,201908,-0.0083,-0.0016,-0.004699999999999999,-0.008130643,13.36572687408501,13.933890899932136,-0.040775690718942936,-0.04933697299999995
632,20190802,201908,0.019799999999999998,0.0088,0.029900000000000003,0.020193331,13.635625420909003,13.933890899932136,-0.021405756738384185,-0.04933697299999995
633,20190805,201908,0.0003,0.0014000000000000002,0.0132,0.000843936,13.647133016084224,13.933890899932136,-0.020579885827102906,-0.04933697299999995
634,20190806,201908,0.0087,-0.006999999999999999,-0.0053,0.008069734999999998,13.757261763033775,13.933890899932136,-0.012676225052057899,-0.04933697299999995
635,20190807,201908,0.0416,0.0,0.0,0.039741311999999994,14.303993395024172,14.303993395024172,0.0,-0.04933697299999995
636,20190808,201908,0.0138,0.0,0.0,0.013183416,14.492568890412027,14.492568890412027,0.0,-0.04933697299999995
637,20190809,201908,0.0078000000000000005,0.0074,0.0125,0.007996045,14.608452123425362,14.608452123425362,0.0,-0.04933697299999995
638,20190812,201908,0.0043,0.0023,-0.0017000000000000001,0.004042942999999999,14.6675132626786,14.6675132626786,0.0,-0.04933697299999995
639,20190813,201908,0.0045000000000000005,-0.0005,-0.0147,0.0036811890000000005,14.721507151158526,14.721507151158526,0.0,-0.04933697299999995
640,20190814,201908,-0.0139,-0.0063,-0.0019,-0.013376003,14.52459222734011,14.721507151158526,-0.01337600299999997,-0.04933697299999995
641,20190816,201908,0.0058,-0.0118,-0.017,0.004795477999999999,14.594244589825289,14.721507151158526,-0.008644669328114474,-0.04933697299999995
