,날짜,누적수익률_Opt,누적수익률_714157,누적수익률_714207,누적수익률_714243,누적수익률,최고누적,DD,MDD,HL,HLcount,cummax,underwater
0,20170102,1.9431806892711703,0.85,2.38,3.53,1.0194318068927117,1.0194318068927117,0.0,0.0,1,1,1.0194318068927117,False
1,20170103,2.1788322215322364,0.66,2.83,4.3,1.0217883222153223,1.0217883222153223,0.0,0.0,1,2,1.0217883222153223,False
2,20170104,2.209211356387451,1.63,1.9,4.07,1.0220921135638745,1.0220921135638745,0.0,0.0,1,3,1.0220921135638745,False
3,20170105,3.124792411401554,2.58,2.72,5.09,1.0312479241140156,1.0312479241140156,0.0,0.0,1,4,1.0312479241140156,False
4,20170106,3.4029359311323217,3.23,2.96,4.62,1.0340293593113232,1.0340293593113232,0.0,0.0,1,5,1.0340293593113232,False
5,20170109,4.0218302481187855,3.93,3.51,5.19,1.040218302481188,1.040218302481188,0.0,0.0,1,6,1.040218302481188,False
6,20170110,4.418856673191306,4.06,4.26,5.51,1.044188566731913,1.044188566731913,0.0,0.0,1,7,1.044188566731913,False
7,20170111,4.572335669083918,4.34,3.96,6.24,1.0457233566908393,1.0457233566908393,0.0,0.0,1,8,1.0457233566908393,False
8,20170112,5.193728159251424,4.88,4.99,6.27,1.0519372815925143,1.0519372815925143,0.0,0.0,1,9,1.0519372815925143,False
9,20170113,5.6502802163192385,5.75,4.76,7.11,1.0565028021631924,1.0565028021631924,0.0,0.0,1,10,1.0565028021631924,False
10,20170116,5.020203655042699,3.79,5.34,7.13,1.050202036550427,1.0565028021631924,-0.005963794511348763,-0.005963794511348763,-1,-1,1.0565028021631924,True
11,20170117,5.570030232247019,4.91,4.99,8.12,1.0557003023224703,1.0565028021631924,-0.0007595813651217753,-0.005963794511348763,-1,-2,1.0565028021631924,True
12,20170118,4.838669061900603,3.57,4.98,7.37,1.048386690619006,1.0565028021631924,-0.007682053968592006,-0.007682053968592006,-1,-3,1.0565028021631924,True
13,20170119,5.391893012966523,3.33,6.6,7.66,1.0539189301296652,1.0565028021631924,-0.0024456840324859064,-0.007682053968592006,-1,-4,1.0565028021631924,True
14,20170120,5.383707937166789,3.39,6.9,6.92,1.0538370793716678,1.0565028021631924,-0.0025231573319696166,-0.007682053968592006,-1,-5,1.0565028021631924,True
15,20170123,4.786717564902574,2.69,6.16,6.82,1.0478671756490257,1.0565028021631924,-0.008173784770362458,-0.008173784770362458,-1,-6,1.0565028021631924,True
16,20170124,3.2801146988196814,0.48,6.14,4.06,1.0328011469881968,1.0565028021631924,-0.022434067497470345,-0.022434067497470345,-1,-7,1.0565028021631924,True
17,20170125,3.8417425420581948,0.47,7.27,4.81,1.038417425420582,1.0565028021631924,-0.01711815312328613,-0.022434067497470345,-1,-8,1.0565028021631924,True
18,20170126,4.714036655073148,1.55,7.8,5.87,1.0471403665507315,1.0565028021631924,-0.008861723407918354,-0.022434067497470345,-1,-9,1.0565028021631924,True
19,20170131,6.556255027524968,3.47,9.95,6.96,1.0655625502752497,1.0655625502752497,0.0,-0.022434067497470345,1,1,1.0655625502752497,False
20,20170201,6.915174276059487,3.75,10.39,7.34,1.0691517427605948,1.0691517427605948,0.0,-0.022434067497470345,1,2,1.0691517427605948,False
21,20170202,6.354920264974527,3.38,9.48,7.02,1.0635492026497453,1.0691517427605948,-0.005240173014527838,-0.022434067497470345,-1,-1,1.0691517427605948,True
22,20170203,7.602883179839339,4.33,11.16,8.11,1.0760288317983935,1.0760288317983935,0.0,-0.022434067497470345,1,1,1.0760288317983935,False
23,20170206,7.788736991775117,5.16,11.02,7.49,1.0778873699177511,1.0778873699177511,0.0,-0.022434067497470345,1,2,1.0778873699177511,False
24,20170207,8.011935328842302,5.64,10.95,7.7,1.080119353288423,1.080119353288423,0.0,-0.022434067497470345,1,3,1.080119353288423,False
25,20170208,7.074374625925618,3.47,11.2,7.24,1.0707437462592562,1.080119353288423,-0.008680158355299228,-0.022434067497470345,-1,-1,1.080119353288423,True
26,20170209,8.525271958292034,4.66,13.55,7.57,1.0852527195829202,1.0852527195829202,0.0,-0.022434067497470345,1,1,1.0852527195829202,False
27,20170210,7.7840863051409315,4.39,12.48,6.41,1.0778408630514094,1.0852527195829202,-0.006829613414246372,-0.022434067497470345,-1,-1,1.0852527195829202,True
28,20170213,8.416137970837363,4.98,13.21,6.95,1.0841613797083736,1.0852527195829202,-0.0010056089746230956,-0.022434067497470345,-1,-2,1.0852527195829202,True
29,20170214,10.905393889621958,7.07,16.42,8.96,1.1090539388962195,1.1090539388962195,0.0,-0.022434067497470345,1,1,1.1090539388962195,False
30,20170215,12.031436890778119,7.88,18.03,9.87,1.1203143689077812,1.1203143689077812,0.0,-0.022434067497470345,1,2,1.1203143689077812,False
31,20170216,12.050650848370358,7.08,18.54,10.77,1.1205065084837036,1.1205065084837036,0.0,-0.022434067497470345,1,3,1.1205065084837036,False
32,20170217,11.357411370824225,6.91,17.35,9.86,1.1135741137082422,1.1205065084837036,-0.006186840257485393,-0.022434067497470345,-1,-1,1.1205065084837036,True
33,20170220,12.149910074334215,7.81,18.58,9.59,1.1214991007433421,1.1214991007433421,0.0,-0.022434067497470345,1,1,1.1214991007433421,False
34,20170221,12.55361537291342,7.55,19.47,10.54,1.1255361537291342,1.1255361537291342,0.0,-0.022434067497470345,1,2,1.1255361537291342,False
35,20170222,13.899300143749684,8.43,21.75,11.15,1.138993001437497,1.138993001437497,0.0,-0.022434067497470345,1,3,1.138993001437497,False
36,20170223,14.183844364627564,8.65,22.07,11.51,1.1418384436462756,1.1418384436462756,0.0,-0.022434067497470345,1,4,1.1418384436462756,False
37,20170224,13.938778223469196,8.3,21.77,11.6,1.1393877822346918,1.1418384436462756,-0.002146241813121952,-0.022434067497470345,-1,-1,1.1418384436462756,True
38,20170227,13.497968397994047,8.24,20.82,11.28,1.1349796839799404,1.1418384436462756,-0.006006768912450444,-0.022434067497470345,-1,-2,1.1418384436462756,True
39,20170228,13.634572919362757,8.23,21.37,10.96,1.1363457291936276,1.1418384436462756,-0.004810412964471489,-0.022434067497470345,-1,-3,1.1418384436462756,True
40,20170302,14.358990803690752,8.38,22.27,12.62,1.1435899080369074,1.1435899080369074,0.0,-0.022434067497470345,1,1,1.1435899080369074,False
41,20170303,15.19644900356491,10.33,22.06,12.98,1.1519644900356492,1.1519644900356492,0.0,-0.022434067497470345,1,2,1.1519644900356492,False
42,20170306,15.24362506836572,10.74,22.36,11.75,1.1524362506836572,1.1524362506836572,0.0,-0.022434067497470345,1,3,1.1524362506836572,False
43,20170307,16.60849190926138,12.33,23.83,12.42,1.1660849190926137,1.1660849190926137,0.0,-0.022434067497470345,1,4,1.1660849190926137,False
44,20170308,16.816926590926116,11.8,24.71,12.99,1.168169265909261,1.168169265909261,0.0,-0.022434067497470345,1,5,1.168169265909261,False
45,20170309,16.747683246125895,10.64,25.63,13.46,1.167476832461259,1.168169265909261,-0.0005927509550279764,-0.022434067497470345,-1,-1,1.168169265909261,True
46,20170310,14.60872217466175,10.25,21.41,11.39,1.1460872217466176,1.168169265909261,-0.018903120298628617,-0.022434067497470345,-1,-2,1.168169265909261,True
47,20170313,15.57500138698513,10.52,22.69,13.3,1.1557500138698513,1.168169265909261,-0.010631380572868498,-0.022434067497470345,-1,-3,1.168169265909261,True
48,20170314,16.139651985796547,11.35,22.56,14.59,1.1613965198579654,1.168169265909261,-0.005797743742234074,-0.022434067497470345,-1,-4,1.168169265909261,True
49,20170315,15.303697400067824,12.65,20.3,11.73,1.1530369740006783,1.168169265909261,-0.012953852108756103,-0.022434067497470345,-1,-5,1.168169265909261,True
50,20170316,16.250863441649084,13.62,21.59,11.98,1.1625086344164908,1.168169265909261,-0.004845728832254648,-0.022434067497470345,-1,-6,1.168169265909261,True
51,20170317,17.239127919874633,14.97,22.34,12.62,1.1723912791987463,1.1723912791987463,0.0,-0.022434067497470345,1,1,1.1723912791987463,False
52,20170320,16.614596033036634,13.58,22.91,11.43,1.1661459603303663,1.1723912791987463,-0.005326991917449453,-0.022434067497470345,-1,-1,1.1723912791987463,True
53,20170321,16.894962898150933,13.97,23.02,11.79,1.1689496289815093,1.1723912791987463,-0.0029355815573697264,-0.022434067497470345,-1,-2,1.1723912791987463,True
54,20170322,18.88148916557449,16.42,24.5,13.71,1.1888148916557448,1.1888148916557448,0.0,-0.022434067497470345,1,1,1.1888148916557448,False
55,20170323,18.151164589419803,15.84,23.88,12.44,1.181511645894198,1.1888148916557448,-0.006143299358721044,-0.022434067497470345,-1,-1,1.1888148916557448,True
56,20170324,19.20214061484519,18.52,22.9,13.73,1.192021406148452,1.192021406148452,0.0,-0.022434067497470345,1,1,1.192021406148452,False
57,20170327,19.360353993671207,17.82,24.14,13.74,1.1936035399367122,1.1936035399367122,0.0,-0.022434067497470345,1,2,1.1936035399367122,False
58,20170328,20.82533029359418,18.28,26.74,15.28,1.2082533029359417,1.2082533029359417,0.0,-0.022434067497470345,1,3,1.2082533029359417,False
59,20170329,21.19838839600092,17.85,27.64,16.43,1.2119838839600092,1.2119838839600092,0.0,-0.022434067497470345,1,4,1.2119838839600092,False
60,20170330,22.10251511839495,19.29,28.01,17.16,1.2210251511839494,1.2210251511839494,0.0,-0.022434067497470345,1,5,1.2210251511839494,False
61,20170331,23.424707258696323,20.97,29.09,18.15,1.2342470725869632,1.2342470725869632,0.0,-0.022434067497470345,1,6,1.2342470725869632,False
62,20170403,24.168290108673823,23.43,28.64,17.36,1.2416829010867383,1.2416829010867383,0.0,-0.022434067497470345,1,7,1.2416829010867383,False
63,20170404,21.8552080580208,21.6,24.78,16.9,1.218552080580208,1.2416829010867383,-0.01862860516665399,-0.022434067497470345,-1,-1,1.2416829010867383,True
64,20170405,23.057140633536587,21.83,26.87,18.57,1.2305714063353659,1.2416829010867383,-0.008948737831251052,-0.022434067497470345,-1,-2,1.2416829010867383,True
65,20170406,24.076320217130135,23.71,27.28,18.84,1.2407632021713013,1.2416829010867383,-0.0007406874288371501,-0.022434067497470345,-1,-3,1.2416829010867383,True
66,20170407,23.00903073058824,22.8,26.29,17.28,1.2300903073058824,1.2416829010867383,-0.009336195070987818,-0.022434067497470345,-1,-4,1.2416829010867383,True
67,20170410,22.4814001685763,22.27,25.83,16.63,1.224814001685763,1.2416829010867383,-0.013585513166212926,-0.022434067497470345,-1,-5,1.2416829010867383,True
68,20170411,23.042469180629823,22.35,27.06,16.99,1.2304246918062982,1.2416829010867383,-0.00906689563864227,-0.022434067497470345,-1,-6,1.2416829010867383,True
69,20170412,22.885466210857434,21.42,27.84,16.77,1.2288546621085743,1.2416829010867383,-0.010331332554339379,-0.022434067497470345,-1,-7,1.2416829010867383,True
70,20170413,22.544319299542188,21.44,27.41,15.8,1.225443192995422,1.2416829010867383,-0.013078788535384578,-0.022434067497470345,-1,-8,1.2416829010867383,True
71,20170414,22.651561612015527,21.97,27.17,15.63,1.2265156161201554,1.2416829010867383,-0.012215103351514545,-0.022434067497470345,-1,-9,1.2416829010867383,True
72,20170417,24.064436055378703,22.9,29.61,16.17,1.240644360553787,1.2416829010867383,-0.0008363975472662766,-0.022434067497470345,-1,-10,1.2416829010867383,True
73,20170418,24.385863297752124,22.89,30.15,16.81,1.2438586329775212,1.2438586329775212,0.0,-0.022434067497470345,1,1,1.2438586329775212,False
74,20170419,25.297525173363073,24.96,30.0,17.17,1.2529752517336308,1.2529752517336308,0.0,-0.022434067497470345,1,2,1.2529752517336308,False
75,20170420,24.663926164894644,24.82,28.92,16.29,1.2466392616489466,1.2529752517336308,-0.005056755970173965,-0.022434067497470345,-1,-1,1.2529752517336308,True
76,20170421,25.78574315997075,25.5,31.19,16.22,1.2578574315997075,1.2578574315997075,0.0,-0.022434067497470345,1,1,1.2578574315997075,False
77,20170424,25.813985017468575,24.88,32.15,15.92,1.2581398501746857,1.2581398501746857,0.0,-0.022434067497470345,1,2,1.2581398501746857,False
78,20170425,27.164261676197427,26.48,34.47,14.89,1.2716426167619743,1.2716426167619743,0.0,-0.022434067497470345,1,3,1.2716426167619743,False
79,20170426,27.016973905847948,26.71,33.74,15.01,1.2701697390584794,1.2716426167619743,-0.0011582481462011351,-0.022434067497470345,-1,-1,1.2716426167619743,True
80,20170427,26.88425573043058,26.5,33.94,14.42,1.2688425573043058,1.2716426167619743,-0.0022019232611111272,-0.022434067497470345,-1,-2,1.2716426167619743,True
81,20170428,27.468379588151535,26.36,35.5,14.76,1.2746837958815154,1.2746837958815154,0.0,-0.022434067497470345,1,1,1.2746837958815154,False
82,20170502,29.06249404080465,27.66,37.35,16.52,1.2906249404080465,1.2906249404080465,0.0,-0.022434067497470345,1,2,1.2906249404080465,False
83,20170504,28.846502683235975,26.0,38.31,17.27,1.2884650268323599,1.2906249404080465,-0.0016735408623079762,-0.022434067497470345,-1,-1,1.2906249404080465,True
84,20170508,30.513473488950066,25.77,41.26,20.7,1.3051347348895006,1.3051347348895006,0.0,-0.022434067497470345,1,1,1.3051347348895006,False
85,20170510,30.836912229376104,26.54,41.8,19.63,1.308369122293761,1.308369122293761,0.0,-0.022434067497470345,1,2,1.308369122293761,False
86,20170511,31.903217673849927,26.63,43.73,21.22,1.3190321767384994,1.3190321767384994,0.0,-0.022434067497470345,1,3,1.3190321767384994,False
87,20170512,31.693401383333455,27.69,42.02,21.04,1.3169340138333345,1.3190321767384994,-0.0015906836407530989,-0.022434067497470345,-1,-1,1.3190321767384994,True
88,20170515,32.06754781134217,26.76,43.2,22.77,1.3206754781134218,1.3206754781134218,0.0,-0.022434067497470345,1,1,1.3206754781134218,False
89,20170516,33.173341497017795,29.15,43.29,22.96,1.331733414970178,1.331733414970178,0.0,-0.022434067497470345,1,2,1.331733414970178,False
90,20170517,34.12563845118202,29.41,45.18,23.67,1.3412563845118202,1.3412563845118202,0.0,-0.022434067497470345,1,3,1.3412563845118202,False
91,20170518,34.032255279674445,28.91,44.94,24.75,1.3403225527967444,1.3412563845118202,-0.0006962365479554755,-0.022434067497470345,-1,-1,1.3412563845118202,True
92,20170519,33.930037437551576,29.0,44.49,24.88,1.3393003743755156,1.3412563845118202,-0.0014583417151945444,-0.022434067497470345,-1,-2,1.3412563845118202,True
93,20170522,33.39266337309046,28.1,44.15,24.77,1.3339266337309046,1.3412563845118202,-0.0054648394337994954,-0.022434067497470345,-1,-3,1.3412563845118202,True
94,20170523,34.00193880798521,28.72,45.34,24.26,1.340019388079852,1.3412563845118202,-0.0009222669478052836,-0.022434067497470345,-1,-4,1.3412563845118202,True
95,20170524,35.42757706028742,29.94,46.85,25.98,1.3542757706028743,1.3542757706028743,0.0,-0.022434067497470345,1,1,1.3542757706028743,False
96,20170525,35.52465808144327,29.77,46.68,27.17,1.3552465808144327,1.3552465808144327,0.0,-0.022434067497470345,1,2,1.3552465808144327,False
97,20170526,36.035768284415695,30.61,47.65,26.09,1.360357682844157,1.360357682844157,0.0,-0.022434067497470345,1,3,1.360357682844157,False
98,20170529,37.448041013006346,32.76,48.27,27.37,1.3744804101300634,1.3744804101300634,0.0,-0.022434067497470345,1,4,1.3744804101300634,False
99,20170530,36.963930877750435,32.55,47.67,26.5,1.3696393087775043,1.3744804101300634,-0.0035221319393712314,-0.022434067497470345,-1,-1,1.3744804101300634,True
100,20170531,37.2235396992398,33.63,47.14,26.44,1.372235396992398,1.3744804101300634,-0.0016333540450045314,-0.022434067497470345,-1,-2,1.3744804101300634,True
101,20170601,39.01401530354793,36.28,48.35,27.43,1.3901401530354793,1.3901401530354793,0.0,-0.022434067497470345,1,1,1.3901401530354793,False
102,20170602,39.77305240595967,36.35,50.02,27.99,1.3977305240595967,1.3977305240595967,0.0,-0.022434067497470345,1,2,1.3977305240595967,False
103,20170605,40.26286484510893,37.52,49.81,28.3,1.4026286484510893,1.4026286484510893,0.0,-0.022434067497470345,1,3,1.4026286484510893,False
104,20170607,41.01948772024812,40.75,48.67,27.18,1.4101948772024813,1.4101948772024813,0.0,-0.022434067497470345,1,4,1.4101948772024813,False
105,20170608,41.77772986813042,41.79,49.84,26.54,1.4177772986813042,1.4177772986813042,0.0,-0.022434067497470345,1,5,1.4177772986813042,False
106,20170609,41.88207842369211,42.82,48.96,26.46,1.4188207842369212,1.4188207842369212,0.0,-0.022434067497470345,1,6,1.4188207842369212,False
107,20170612,43.17785017109069,43.5,51.62,26.54,1.4317785017109068,1.4317785017109068,0.0,-0.022434067497470345,1,7,1.4317785017109068,False
108,20170613,43.83477894084683,44.02,52.87,26.38,1.4383477894084682,1.4383477894084682,0.0,-0.022434067497470345,1,8,1.4383477894084682,False
109,20170614,45.05991646778834,46.59,53.13,26.46,1.4505991646778833,1.4505991646778833,0.0,-0.022434067497470345,1,9,1.4505991646778833,False
110,20170615,45.05328154899371,45.87,53.27,27.75,1.450532815489937,1.4505991646778833,-4.573916045302884e-05,-0.022434067497470345,-1,-1,1.4505991646778833,True
111,20170616,47.554340385705935,48.71,55.28,30.43,1.4755434038570594,1.4755434038570594,0.0,-0.022434067497470345,1,1,1.4755434038570594,False
112,20170619,47.73476196164249,48.93,55.69,30.09,1.4773476196164248,1.4773476196164248,0.0,-0.022434067497470345,1,2,1.4773476196164248,False
113,20170620,47.0458301529826,46.56,56.23,30.79,1.470458301529826,1.4773476196164248,-0.004663301984665913,-0.022434067497470345,-1,-1,1.4773476196164248,True
114,20170621,46.85343199637824,46.82,55.64,30.35,1.4685343199637824,1.4773476196164248,-0.005965623483341509,-0.022434067497470345,-1,-2,1.4773476196164248,True
115,20170622,50.0102607495577,49.55,59.31,33.48,1.500102607495577,1.500102607495577,0.0,-0.022434067497470345,1,1,1.500102607495577,False
116,20170623,49.49363638431158,48.93,58.81,33.16,1.4949363638431157,1.500102607495577,-0.0034439268531679668,-0.022434067497470345,-1,-1,1.500102607495577,True
117,20170626,50.63543763648677,52.18,58.4,32.58,1.5063543763648677,1.5063543763648677,0.0,-0.022434067497470345,1,1,1.5063543763648677,False
118,20170627,53.41791327676285,54.29,62.06,35.19,1.5341791327676284,1.5341791327676284,0.0,-0.022434067497470345,1,2,1.5341791327676284,False
119,20170628,52.54315618527896,52.89,61.59,34.71,1.5254315618527896,1.5341791327676284,-0.005701792396992311,-0.022434067497470345,-1,-1,1.5341791327676284,True
120,20170629,55.38028780242156,55.84,64.67,36.84,1.5538028780242157,1.5538028780242157,0.0,-0.022434067497470345,1,1,1.5538028780242157,False
121,20170630,53.5476035211139,53.57,63.31,35.08,1.535476035211139,1.5538028780242157,-0.011794831295705133,-0.022434067497470345,-1,-1,1.5538028780242157,True
122,20170703,53.85054335405341,53.34,64.37,35.13,1.538505433540534,1.5538028780242157,-0.009845164209718593,-0.022434067497470345,-1,-2,1.5538028780242157,True
123,20170704,53.69979432343009,55.29,62.59,33.42,1.5369979432343008,1.5538028780242157,-0.01081535825914004,-0.022434067497470345,-1,-3,1.5538028780242157,True
124,20170705,55.433838565696895,55.96,66.54,33.32,1.554338385656969,1.554338385656969,0.0,-0.022434067497470345,1,1,1.554338385656969,False
125,20170706,56.61840653225937,56.97,68.53,33.37,1.5661840653225938,1.5661840653225938,0.0,-0.022434067497470345,1,2,1.5661840653225938,False
126,20170707,58.06564544973068,57.31,71.18,34.99,1.5806564544973067,1.5806564544973067,0.0,-0.022434067497470345,1,3,1.5806564544973067,False
127,20170710,59.41463901302038,59.42,72.1,35.47,1.5941463901302038,1.5941463901302038,0.0,-0.022434067497470345,1,4,1.5941463901302038,False
128,20170711,58.63002724386757,58.76,71.48,34.1,1.5863002724386757,1.5941463901302038,-0.004921830102997737,-0.022434067497470345,-1,-1,1.5941463901302038,True
129,20170712,59.09480030433787,59.79,71.7,33.78,1.5909480030433787,1.5941463901302038,-0.002006332107657882,-0.022434067497470345,-1,-2,1.5941463901302038,True
130,20170713,61.23555092594805,60.64,75.35,35.92,1.6123555092594803,1.6123555092594803,0.0,-0.022434067497470345,1,1,1.6123555092594803,False
131,20170714,61.49408240483295,59.92,76.37,36.9,1.6149408240483294,1.6149408240483294,0.0,-0.022434067497470345,1,2,1.6149408240483294,False
132,20170717,62.87746537377883,61.28,77.65,38.53,1.6287746537377883,1.6287746537377883,0.0,-0.022434067497470345,1,3,1.6287746537377883,False
133,20170718,62.50168712676066,59.39,78.49,39.2,1.6250168712676065,1.6287746537377883,-0.0023071223889432613,-0.022434067497470345,-1,-1,1.6287746537377883,True
134,20170719,63.90530272236719,61.11,79.69,40.29,1.6390530272236719,1.6390530272236719,0.0,-0.022434067497470345,1,1,1.6390530272236719,False
135,20170720,65.24011183564579,62.64,80.99,41.26,1.6524011183564578,1.6524011183564578,0.0,-0.022434067497470345,1,2,1.6524011183564578,False
136,20170721,65.21340611183696,62.52,81.09,41.2,1.6521340611183697,1.6524011183564578,-0.0001616176817610393,-0.022434067497470345,-1,-1,1.6524011183564578,True
137,20170724,66.93616594420321,67.06,80.21,41.62,1.669361659442032,1.669361659442032,0.0,-0.022434067497470345,1,1,1.669361659442032,False
138,20170725,65.41737613683615,66.73,77.44,39.84,1.6541737613683616,1.669361659442032,-0.009098027373377393,-0.022434067497470345,-1,-1,1.669361659442032,True
139,20170726,66.21671312379901,66.19,79.37,41.46,1.66216713123799,1.669361659442032,-0.004309748078464182,-0.022434067497470345,-1,-2,1.669361659442032,True
140,20170727,66.16068784520446,65.62,78.56,43.96,1.6616068784520448,1.669361659442032,-0.00464535707174385,-0.022434067497470345,-1,-3,1.669361659442032,True
141,20170728,66.81333396544517,68.68,77.46,42.61,1.6681333396544518,1.669361659442032,-0.0007358020837682222,-0.022434067497470345,-1,-4,1.669361659442032,True
142,20170731,67.72343858980351,70.79,78.07,41.44,1.6772343858980352,1.6772343858980352,0.0,-0.022434067497470345,1,1,1.6772343858980352,False
143,20170801,65.64841569738272,66.23,77.8,41.44,1.6564841569738271,1.6772343858980352,-0.012371693007651952,-0.022434067497470345,-1,-1,1.6772343858980352,True
144,20170802,66.48865110089369,68.17,77.8,41.44,1.664886511008937,1.6772343858980352,-0.00736204491925363,-0.022434067497470345,-1,-2,1.6772343858980352,True
145,20170803,67.75929743896997,69.47,79.36,42.1,1.6775929743896998,1.6775929743896998,0.0,-0.022434067497470345,1,1,1.6775929743896998,False
146,20170804,68.77658697595182,71.92,79.3,41.99,1.6877658697595181,1.6877658697595181,0.0,-0.022434067497470345,1,2,1.6877658697595181,False
147,20170807,68.99043091820462,71.72,79.3,43.52,1.6899043091820463,1.6899043091820463,0.0,-0.022434067497470345,1,3,1.6899043091820463,False
148,20170808,68.58235615952842,70.26,79.9,43.53,1.6858235615952841,1.6899043091820463,-0.0024147802716339983,-0.022434067497470345,-1,-1,1.6899043091820463,True
149,20170809,69.48354047469432,71.9,80.5,43.37,1.6948354047469434,1.6948354047469434,0.0,-0.022434067497470345,1,1,1.6948354047469434,False
150,20170810,67.59521703254828,68.08,80.33,42.5,1.6759521703254827,1.6948354047469434,-0.011141633204364232,-0.022434067497470345,-1,-1,1.6948354047469434,True
151,20170811,66.71641606733999,63.76,82.16,44.1,1.6671641606734,1.6948354047469434,-0.01632680317866908,-0.022434067497470345,-1,-2,1.6948354047469434,True
152,20170814,66.29473236479856,62.94,81.62,44.78,1.6629473236479857,1.6948354047469434,-0.01881485423873297,-0.022434067497470345,-1,-3,1.6948354047469434,True
153,20170816,67.88877563423023,63.43,84.74,45.93,1.6788877563423021,1.6948354047469434,-0.009409555854199558,-0.022434067497470345,-1,-4,1.6948354047469434,True
154,20170817,66.86723600385747,64.37,81.96,43.9,1.6686723600385747,1.6948354047469434,-0.015436923629923327,-0.022434067497470345,-1,-5,1.6948354047469434,True
155,20170818,68.02834024800588,63.48,84.56,46.87,1.6802834024800588,1.6948354047469434,-0.008586085838263036,-0.022434067497470345,-1,-6,1.6948354047469434,True
156,20170821,67.8980173880436,63.72,83.88,46.96,1.678980173880436,1.6948354047469434,-0.0093550269377779,-0.022434067497470345,-1,-7,1.6948354047469434,True
157,20170822,68.09022990255134,64.79,83.36,46.56,1.6809022990255134,1.6948354047469434,-0.008220919673028848,-0.022434067497470345,-1,-8,1.6948354047469434,True
158,20170823,68.25648903105281,64.67,83.79,46.86,1.6825648903105281,1.6948354047469434,-0.007239944599958026,-0.022434067497470345,-1,-9,1.6948354047469434,True
159,20170824,70.98560846486241,66.74,88.01,48.23,1.709856084648624,1.709856084648624,0.0,-0.022434067497470345,1,1,1.709856084648624,False
160,20170825,71.30853937262306,65.64,89.33,49.81,1.7130853937262307,1.7130853937262307,0.0,-0.022434067497470345,1,2,1.7130853937262307,False
161,20170828,70.69798595687595,64.55,89.11,49.52,1.7069798595687595,1.7130853937262307,-0.0035640570982807818,-0.022434067497470345,-1,-1,1.7130853937262307,True
162,20170829,70.66353725953202,63.89,90.52,48.14,1.7066353725953203,1.7130853937262307,-0.0037651486344650875,-0.022434067497470345,-1,-2,1.7130853937262307,True
163,20170830,71.17508561252194,62.9,92.3,49.57,1.7117508561252195,1.7130853937262307,-0.0007790257309405746,-0.022434067497470345,-1,-3,1.7130853937262307,True
164,20170831,74.2060500506571,65.84,95.3,52.86,1.742060500506571,1.742060500506571,0.0,-0.022434067497470345,1,1,1.742060500506571,False
165,20170901,75.57800491913336,67.41,96.68,53.78,1.7557800491913338,1.7557800491913338,0.0,-0.022434067497470345,1,2,1.7557800491913338,False
166,20170904,77.89901528117466,70.77,97.84,56.0,1.7789901528117467,1.7789901528117467,0.0,-0.022434067497470345,1,3,1.7789901528117467,False
167,20170905,77.50633028003351,71.92,96.48,54.03,1.775063302800335,1.7789901528117467,-0.0022073478063974195,-0.022434067497470345,-1,-1,1.7789901528117467,True
168,20170906,78.42484205330373,73.7,96.82,54.14,1.7842484205330373,1.7842484205330373,0.0,-0.022434067497470345,1,1,1.7842484205330373,False
169,20170907,80.32069438899158,75.36,99.53,55.02,1.8032069438899159,1.8032069438899159,0.0,-0.022434067497470345,1,2,1.8032069438899159,False
170,20170908,81.057225240673,75.31,102.17,53.9,1.81057225240673,1.81057225240673,0.0,-0.022434067497470345,1,3,1.81057225240673,False
171,20170911,82.66095543341747,77.18,104.18,54.15,1.8266095543341747,1.8266095543341747,0.0,-0.022434067497470345,1,4,1.8266095543341747,False
172,20170912,83.02520009751147,77.97,104.07,54.47,1.8302520009751149,1.8302520009751149,0.0,-0.022434067497470345,1,5,1.8302520009751149,False
173,20170913,82.12322417237817,77.24,102.42,54.6,1.8212322417237816,1.8302520009751149,-0.0049281515586530045,-0.022434067497470345,-1,-1,1.8302520009751149,True
174,20170914,84.17555205429728,79.73,104.81,55.05,1.8417555205429728,1.8417555205429728,0.0,-0.022434067497470345,1,1,1.8417555205429728,False
175,20170915,84.54390304305517,78.38,107.43,54.96,1.8454390304305517,1.8454390304305517,0.0,-0.022434067497470345,1,2,1.8454390304305517,False
176,20170918,85.04759645010068,78.82,107.92,55.63,1.850475964501007,1.850475964501007,0.0,-0.022434067497470345,1,3,1.850475964501007,False
177,20170919,86.58371184725792,80.23,109.84,56.72,1.8658371184725793,1.8658371184725793,0.0,-0.022434067497470345,1,4,1.8658371184725793,False
178,20170920,85.28557698584534,80.68,106.07,56.23,1.8528557698584533,1.8658371184725793,-0.0069573857683530305,-0.022434067497470345,-1,-1,1.8658371184725793,True
179,20170921,84.44995833747605,80.96,104.24,54.81,1.8444995833747604,1.8658371184725793,-0.011435904499148553,-0.022434067497470345,-1,-2,1.8658371184725793,True
180,20170922,85.96878188683108,82.09,105.9,56.92,1.8596878188683108,1.8658371184725793,-0.0032957322712618975,-0.022434067497470345,-1,-3,1.8658371184725793,True
181,20170925,86.77654812616177,84.64,105.2,56.73,1.8677654812616176,1.8677654812616176,0.0,-0.022434067497470345,1,1,1.8677654812616176,False
182,20170926,87.64590045010031,86.69,105.15,56.73,1.8764590045010032,1.8764590045010032,0.0,-0.022434067497470345,1,2,1.8764590045010032,False
183,20170927,88.41683808837327,88.47,105.15,56.73,1.8841683808837328,1.8841683808837328,0.0,-0.022434067497470345,1,3,1.8841683808837328,False
184,20170928,87.7403848351025,88.29,104.07,55.72,1.8774038483510251,1.8841683808837328,-0.00359019533569227,-0.022434067497470345,-1,-1,1.8841683808837328,True
185,20170929,87.87034243479633,85.5,107.82,55.46,1.8787034243479632,1.8841683808837328,-0.002900460803405669,-0.022434067497470345,-1,-2,1.8841683808837328,True
186,20171010,88.67629227367885,87.1,107.95,55.79,1.8867629227367886,1.8867629227367886,0.0,-0.022434067497470345,1,1,1.8867629227367886,False
187,20171011,91.14913601537265,90.55,109.51,57.83,1.9114913601537264,1.9114913601537264,0.0,-0.022434067497470345,1,2,1.9114913601537264,False
188,20171012,93.3708790739008,92.92,112.1,59.03,1.9337087907390078,1.9337087907390078,0.0,-0.022434067497470345,1,3,1.9337087907390078,False
189,20171013,94.95367929033156,93.68,114.45,60.98,1.9495367929033156,1.9495367929033156,0.0,-0.022434067497470345,1,4,1.9495367929033156,False
190,20171016,96.23424264147545,95.28,116.02,61.01,1.9623424264147544,1.9623424264147544,0.0,-0.022434067497470345,1,5,1.9623424264147544,False
191,20171017,95.65529385361121,94.03,115.59,61.63,1.9565529385361122,1.9623424264147544,-0.0029502944036223777,-0.022434067497470345,-1,-1,1.9623424264147544,True
192,20171018,96.77025009323609,96.71,115.0,62.51,1.967702500932361,1.967702500932361,0.0,-0.022434067497470345,1,1,1.967702500932361,False
193,20171019,95.32666969234164,94.47,114.3,61.42,1.9532666969234165,1.967702500932361,-0.007336375291541408,-0.022434067497470345,-1,-1,1.967702500932361,True
194,20171020,96.0150362718787,92.05,118.69,61.98,1.960150362718787,1.967702500932361,-0.0038380487954837728,-0.022434067497470345,-1,-2,1.967702500932361,True
195,20171023,96.70830352212218,91.16,121.31,62.53,1.9670830352212216,1.967702500932361,-0.0003148167524541501,-0.022434067497470345,-1,-3,1.967702500932361,True
196,20171024,98.74777748700619,93.48,123.44,63.78,1.987477774870062,1.987477774870062,0.0,-0.022434067497470345,1,1,1.987477774870062,False
197,20171025,99.85566502645791,92.91,125.57,66.66,1.9985566502645793,1.9985566502645793,0.0,-0.022434067497470345,1,2,1.9985566502645793,False
198,20171026,100.3925907525031,93.78,125.17,68.23,2.003925907525031,2.003925907525031,0.0,-0.022434067497470345,1,3,2.003925907525031,False
199,20171027,100.94633765759122,94.82,124.94,69.19,2.009463376575912,2.009463376575912,0.0,-0.022434067497470345,1,4,2.009463376575912,False
200,20171030,101.76725161447855,95.1,126.24,70.3,2.0176725161447857,2.0176725161447857,0.0,-0.022434067497470345,1,5,2.0176725161447857,False
201,20171031,105.29740693650541,97.46,132.23,71.77,2.052974069365054,2.052974069365054,0.0,-0.022434067497470345,1,6,2.052974069365054,False
202,20171101,105.0931978827135,96.69,131.98,72.9,2.050931978827135,2.052974069365054,-0.0009946986512842093,-0.022434067497470345,-1,-1,2.052974069365054,True
203,20171102,103.44036021199211,93.17,130.95,74.19,2.034403602119921,2.052974069365054,-0.00904564140494779,-0.022434067497470345,-1,-2,2.052974069365054,True
204,20171103,103.25766954241143,93.08,130.26,74.76,2.0325766954241145,2.052974069365054,-0.00993552439132761,-0.022434067497470345,-1,-3,2.052974069365054,True
205,20171106,103.278837358262,93.53,129.86,74.63,2.03278837358262,2.052974069365054,-0.009832416338642291,-0.022434067497470345,-1,-4,2.052974069365054,True
206,20171107,105.38865373660121,94.87,132.7,77.06,2.0538865373660125,2.0538865373660125,0.0,-0.022434067497470345,1,1,2.0538865373660125,False
207,20171108,106.65236914622275,96.31,133.59,78.64,2.0665236914622276,2.0665236914622276,0.0,-0.022434067497470345,1,2,2.0665236914622276,False
208,20171109,107.76531970835629,98.5,133.79,79.1,2.0776531970835626,2.0776531970835626,0.0,-0.022434067497470345,1,3,2.0776531970835626,False
209,20171110,107.09857068536989,98.53,132.39,78.28,2.070985706853699,2.0776531970835626,-0.0032091449329574306,-0.022434067497470345,-1,-1,2.0776531970835626,True
210,20171113,107.86163632453032,99.0,133.81,78.45,2.0786163632453034,2.0786163632453034,0.0,-0.022434067497470345,1,1,2.0786163632453034,False
211,20171114,110.26615141120189,101.45,136.98,79.31,2.102661514112019,2.102661514112019,0.0,-0.022434067497470345,1,2,2.102661514112019,False
212,20171115,111.75802194170342,101.96,139.08,81.82,2.117580219417034,2.117580219417034,0.0,-0.022434067497470345,1,3,2.117580219417034,False
213,20171116,109.55005763841345,99.67,136.81,79.91,2.0955005763841346,2.117580219417034,-0.01042682720136956,-0.022434067497470345,-1,-1,2.117580219417034,True
214,20171117,111.36042278733532,101.37,139.11,81.04,2.1136042278733536,2.117580219417034,-0.0018776108254237034,-0.022434067497470345,-1,-2,2.117580219417034,True
215,20171120,116.02522149918715,104.46,145.12,86.64,2.1602522149918713,2.1602522149918713,0.0,-0.022434067497470345,1,1,2.1602522149918713,False
216,20171121,119.81053574304642,107.37,149.29,91.63,2.198105357430464,2.198105357430464,0.0,-0.022434067497470345,1,2,2.198105357430464,False
217,20171122,119.40622088869753,110.66,143.95,92.39,2.194062208886975,2.198105357430464,-0.0018393788677241174,-0.022434067497470345,-1,-1,2.198105357430464,True
218,20171123,120.66903434770435,111.97,145.88,92.29,2.2066903434770433,2.2066903434770433,0.0,-0.022434067497470345,1,1,2.2066903434770433,False
219,20171124,123.38819321626711,112.51,149.98,97.21,2.233881932162671,2.233881932162671,0.0,-0.022434067497470345,1,2,2.233881932162671,False
220,20171127,124.04493907033698,113.53,150.38,97.55,2.24044939070337,2.24044939070337,0.0,-0.022434067497470345,1,3,2.24044939070337,False
221,20171128,123.43875112505694,114.02,148.24,97.42,2.2343875112505693,2.24044939070337,-0.0027056533738071264,-0.022434067497470345,-1,-1,2.24044939070337,True
222,20171129,124.40981318112568,115.86,148.71,97.42,2.244098131811257,2.244098131811257,0.0,-0.022434067497470345,1,1,2.244098131811257,False
223,20171130,124.06765546526296,115.07,148.71,97.42,2.2406765546526293,2.244098131811257,-0.0015247003284416527,-0.022434067497470345,-1,-1,2.244098131811257,True
224,20171201,124.50509760832796,116.08,148.71,97.42,2.2450509760832795,2.2450509760832795,0.0,-0.022434067497470345,1,1,2.2450509760832795,False
225,20171204,126.30250839418906,120.23,148.71,97.42,2.2630250839418906,2.2630250839418906,0.0,-0.022434067497470345,1,2,2.2630250839418906,False
226,20171205,127.29983019691097,122.58,148.66,97.41,2.2729983019691096,2.2729983019691096,0.0,-0.022434067497470345,1,3,2.2729983019691096,False
227,20171206,127.4602749882032,122.4,149.86,96.36,2.274602749882032,2.274602749882032,0.0,-0.022434067497470345,1,4,2.274602749882032,False
228,20171207,129.00402927792328,126.1,149.5,96.74,2.2900402927792327,2.2900402927792327,0.0,-0.022434067497470345,1,5,2.2900402927792327,False
229,20171208,128.27207163259672,124.41,149.5,96.74,2.2827207163259673,2.2900402927792327,-0.003196265356703476,-0.022434067497470345,-1,-1,2.2900402927792327,True
230,20171211,130.19075350762435,128.84,149.5,96.74,2.3019075350762437,2.3019075350762437,0.0,-0.022434067497470345,1,1,2.3019075350762437,False
231,20171212,132.54595446800528,132.93,150.8,97.26,2.3254595446800526,2.3254595446800526,0.0,-0.022434067497470345,1,2,2.3254595446800526,False
232,20171213,131.80095116565843,133.86,147.93,96.83,2.3180095116565846,2.3254595446800526,-0.003203682059535806,-0.022434067497470345,-1,-1,2.3254595446800526,True
233,20171214,134.39046108166897,139.11,148.57,97.23,2.34390461081669,2.34390461081669,0.0,-0.022434067497470345,1,1,2.34390461081669,False
234,20171215,138.3208189842216,143.35,152.34,100.78,2.383208189842216,2.383208189842216,0.0,-0.022434067497470345,1,2,2.383208189842216,False
235,20171218,138.37044348431291,143.33,152.28,101.19,2.3837044348431293,2.3837044348431293,0.0,-0.022434067497470345,1,3,2.3837044348431293,False
236,20171219,131.091221445779,139.34,141.4,93.45,2.3109122144577903,2.3837044348431293,-0.030537435481228004,-0.030537435481228004,-1,-1,2.3837044348431293,True
237,20171220,134.50336487485734,141.74,148.0,93.08,2.3450336487485735,2.3837044348431293,-0.016222978624906848,-0.030537435481228004,-1,-2,2.3837044348431293,True
238,20171221,137.63484105793168,145.77,149.96,96.44,2.376348410579317,2.3837044348431293,-0.0030859632412004734,-0.030537435481228004,-1,-3,2.3837044348431293,True
239,20171222,134.87643922357776,139.6,149.77,96.36,2.3487643922357777,2.3837044348431293,-0.014657875404611942,-0.030537435481228004,-1,-4,2.3837044348431293,True
240,20171226,135.9635479157492,142.11,149.77,96.36,2.359635479157492,2.3837044348431293,-0.01009729030739559,-0.030537435481228004,-1,-5,2.3837044348431293,True
241,20171227,137.7393031499734,146.21,149.77,96.36,2.377393031499734,2.3837044348431293,-0.002647728993217524,-0.030537435481228004,-1,-6,2.3837044348431293,True
242,20171228,138.13760645785757,147.36,149.4,96.55,2.3813760645785758,2.3837044348431293,-0.0009767864801186743,-0.030537435481228004,-1,-7,2.3837044348431293,True
243,20180102,141.95321361981658,151.52,154.21,97.73,2.419532136198166,2.419532136198166,0.0,-0.030537435481228004,1,1,2.419532136198166,False
244,20180103,144.70208608634874,152.95,158.5,100.48,2.4470208608634874,2.4470208608634874,0.0,-0.030537435481228004,1,2,2.4470208608634874,False
245,20180104,147.7145979819948,155.35,162.85,102.32,2.477145979819948,2.477145979819948,0.0,-0.030537435481228004,1,3,2.477145979819948,False
246,20180105,152.57647625181173,160.17,168.7,105.41,2.525764762518117,2.525764762518117,0.0,-0.030537435481228004,1,4,2.525764762518117,False
247,20180108,158.29521013896928,162.66,178.68,110.21,2.582952101389693,2.582952101389693,0.0,-0.030537435481228004,1,5,2.582952101389693,False
248,20180109,156.7144633817835,163.1,176.56,105.19,2.567144633817835,2.582952101389693,-0.006119922844621484,-0.030537435481228004,-1,-1,2.582952101389693,True
249,20180110,157.2528838375704,162.51,178.74,105.12,2.572528838375704,2.582952101389693,-0.00403540700905014,-0.030537435481228004,-1,-2,2.582952101389693,True
250,20180111,155.21972414065732,162.86,174.99,101.07,2.5521972414065734,2.582952101389693,-0.01190686422972087,-0.030537435481228004,-1,-3,2.582952101389693,True
251,20180112,155.7731598747552,163.24,174.46,104.05,2.5577315987475524,2.582952101389693,-0.009764216157384875,-0.030537435481228004,-1,-4,2.582952101389693,True
252,20180115,155.96046647876415,164.35,173.88,103.65,2.559604664787641,2.582952101389693,-0.009039051320189118,-0.030537435481228004,-1,-5,2.582952101389693,True
253,20180116,160.31187311037905,165.78,183.02,105.41,2.60311873110379,2.60311873110379,0.0,-0.030537435481228004,1,1,2.60311873110379,False
254,20180117,159.4810406364582,170.82,176.81,101.78,2.594810406364582,2.60311873110379,-0.003191681055472073,-0.030537435481228004,-1,-1,2.60311873110379,True
255,20180118,159.88283009878145,171.18,177.41,101.9,2.5988283009878144,2.60311873110379,-0.0016481884075093545,-0.030537435481228004,-1,-2,2.60311873110379,True
256,20180119,158.8019684036333,169.65,176.7,101.11,2.5880196840363334,2.60311873110379,-0.005800368184148974,-0.030537435481228004,-1,-3,2.60311873110379,True
257,20180122,160.4730586984294,173.06,177.24,101.08,2.604730586984294,2.604730586984294,0.0,-0.030537435481228004,1,1,2.604730586984294,False
258,20180123,161.74097567552909,176.15,177.05,101.08,2.6174097567552908,2.6174097567552908,0.0,-0.030537435481228004,1,2,2.6174097567552908,False
259,20180124,162.22172892186782,177.26,177.05,101.08,2.6222172892186784,2.6222172892186784,0.0,-0.030537435481228004,1,3,2.6222172892186784,False
260,20180125,163.24820206945597,179.63,177.05,101.08,2.6324820206945594,2.6324820206945594,0.0,-0.030537435481228004,1,4,2.6324820206945594,False
261,20180126,163.5004739399504,180.51,176.84,100.82,2.635004739399504,2.635004739399504,0.0,-0.030537435481228004,1,5,2.635004739399504,False
262,20180129,167.65330006076437,183.72,182.6,104.02,2.6765330006076438,2.6765330006076438,0.0,-0.030537435481228004,1,6,2.6765330006076438,False
263,20180130,166.40222598795637,182.79,181.89,101.04,2.6640222598795638,2.6765330006076438,-0.004674233691585261,-0.030537435481228004,-1,-1,2.6765330006076438,True
264,20180131,167.93764042403785,184.74,182.35,103.69,2.6793764042403785,2.6793764042403785,0.0,-0.030537435481228004,1,1,2.6793764042403785,False
265,20180201,168.31611638444423,185.69,182.42,103.39,2.683161163844442,2.683161163844442,0.0,-0.030537435481228004,1,2,2.683161163844442,False
266,20180202,170.26078492143614,190.18,182.42,103.39,2.7026078492143615,2.7026078492143615,0.0,-0.030537435481228004,1,3,2.7026078492143615,False
267,20180205,167.0730877204873,182.82,182.42,103.39,2.670730877204873,2.7026078492143615,-0.011794893594627487,-0.030537435481228004,-1,-1,2.7026078492143615,True
268,20180206,163.55189502433046,174.69,182.42,103.39,2.6355189502433047,2.7026078492143615,-0.024823763828910383,-0.030537435481228004,-1,-2,2.7026078492143615,True
269,20180207,164.75161258501367,177.46,182.42,103.39,2.647516125850137,2.7026078492143615,-0.020384653060280034,-0.030537435481228004,-1,-3,2.7026078492143615,True
270,20180208,165.64815242278053,179.53,182.42,103.39,2.6564815242278055,2.7026078492143615,-0.017067339236791157,-0.030537435481228004,-1,-4,2.7026078492143615,True
271,20180209,166.9821344036124,182.61,182.42,103.39,2.669821344036124,2.7026078492143615,-0.012131432678169962,-0.030537435481228004,-1,-5,2.7026078492143615,True
272,20180212,168.84884295471153,186.92,182.42,103.39,2.688488429547115,2.7026078492143615,-0.005224368630229015,-0.030537435481228004,-1,-6,2.7026078492143615,True
273,20180213,161.17535861814662,177.51,175.37,98.37,2.6117535861814662,2.7026078492143615,-0.03361725714639152,-0.03361725714639152,-1,-7,2.7026078492143615,True
274,20180214,163.44335397439704,180.4,176.56,101.3,2.6344335397439704,2.7026078492143615,-0.025225379808694437,-0.03361725714639152,-1,-8,2.7026078492143615,True
275,20180219,165.1911584626174,182.42,177.31,104.33,2.6519115846261743,2.7026078492143615,-0.018758276234165594,-0.03361725714639152,-1,-9,2.7026078492143615,True
276,20180220,164.1040681615993,181.44,175.23,104.88,2.641040681615993,2.7026078492143615,-0.022780651516373762,-0.03361725714639152,-1,-10,2.7026078492143615,True
277,20180221,164.82844219289697,179.95,178.1,106.44,2.6482844219289694,2.7026078492143615,-0.020100373534097327,-0.03361725714639152,-1,-11,2.7026078492143615,True
278,20180222,168.8065787435858,182.97,182.1,112.49,2.688065787435858,2.7026078492143615,-0.005380751699781805,-0.03361725714639152,-1,-12,2.7026078492143615,True
279,20180223,168.74070890175705,181.15,184.76,111.15,2.6874070890175705,2.7026078492143615,-0.005624478668338706,-0.03361725714639152,-1,-13,2.7026078492143615,True
280,20180226,170.4024022728346,184.28,184.95,112.35,2.704024022728346,2.704024022728346,0.0,-0.03361725714639152,1,1,2.704024022728346,False
281,20180227,169.77811324890513,183.48,184.02,112.69,2.6977811324890513,2.704024022728346,-0.0023087406719839443,-0.03361725714639152,-1,-1,2.704024022728346,True
282,20180228,172.43205186965284,187.6,187.04,111.42,2.7243205186965285,2.7243205186965285,0.0,-0.03361725714639152,1,1,2.7243205186965285,False
283,20180302,172.51810881935955,189.51,185.93,109.74,2.7251810881935956,2.7251810881935956,0.0,-0.03361725714639152,1,2,2.7251810881935956,False
284,20180305,174.1575527415011,189.84,189.72,110.21,2.741575527415011,2.741575527415011,0.0,-0.03361725714639152,1,3,2.741575527415011,False
285,20180306,174.98463938065652,190.26,190.82,111.42,2.749846393806565,2.749846393806565,0.0,-0.03361725714639152,1,4,2.749846393806565,False
286,20180307,176.74232748078097,194.3,191.17,110.8,2.76742327480781,2.76742327480781,0.0,-0.03361725714639152,1,5,2.76742327480781,False
287,20180308,179.55219066803872,197.01,195.04,111.83,2.795521906680387,2.795521906680387,0.0,-0.03361725714639152,1,6,2.795521906680387,False
288,20180309,187.31962258532246,204.58,202.21,121.16,2.8731962258532247,2.8731962258532247,0.0,-0.03361725714639152,1,7,2.8731962258532247,False
289,20180312,188.152992500395,208.2,200.27,121.08,2.88152992500395,2.88152992500395,0.0,-0.03361725714639152,1,8,2.88152992500395,False
290,20180313,190.947750135265,214.47,201.39,119.37,2.90947750135265,2.90947750135265,0.0,-0.03361725714639152,1,9,2.90947750135265,False
291,20180314,188.87656520194736,210.89,200.43,118.53,2.8887656520194733,2.90947750135265,-0.007118752189541722,-0.03361725714639152,-1,-1,2.90947750135265,True
292,20180315,187.1486439952733,207.86,199.25,118.64,2.871486439952733,2.90947750135265,-0.013057692105285068,-0.03361725714639152,-1,-2,2.90947750135265,True
293,20180316,188.11725919398117,208.26,201.19,119.03,2.8811725919398117,2.90947750135265,-0.009728519777066125,-0.03361725714639152,-1,-3,2.90947750135265,True
294,20180319,189.83195682859844,207.57,204.25,123.51,2.8983195682859844,2.90947750135265,-0.0038350298503694313,-0.03361725714639152,-1,-4,2.90947750135265,True
295,20180320,194.56145990416496,210.31,211.13,128.57,2.9456145990416496,2.9456145990416496,0.0,-0.03361725714639152,1,1,2.9456145990416496,False
296,20180321,194.52703409101707,212.16,209.06,128.22,2.945270340910171,2.9456145990416496,-0.00011687140999050438,-0.03361725714639152,-1,-1,2.9456145990416496,True
297,20180322,192.29079281367513,206.06,210.33,127.89,2.922907928136751,2.9456145990416496,-0.007708636055879903,-0.03361725714639152,-1,-2,2.9456145990416496,True
298,20180323,185.14240853590206,199.08,201.21,124.09,2.851424085359021,2.9456145990416496,-0.031976523240098476,-0.03361725714639152,-1,-3,2.9456145990416496,True
299,20180326,187.436010749868,204.66,200.92,124.01,2.87436010749868,2.9456145990416496,-0.024190025255222514,-0.03361725714639152,-1,-4,2.9456145990416496,True
300,20180327,187.9297573271889,205.8,200.92,124.01,2.879297573271889,2.9456145990416496,-0.022513816230859574,-0.03361725714639152,-1,-5,2.9456145990416496,True
301,20180328,188.9432371437949,208.14,200.92,124.01,2.889432371437949,2.9456145990416496,-0.019073176654535673,-0.03361725714639152,-1,-6,2.9456145990416496,True
302,20180329,187.98943734495685,210.17,197.69,120.77,2.8798943734495683,2.9456145990416496,-0.022311209896047957,-0.03361725714639152,-1,-7,2.9456145990416496,True
303,20180330,189.0255297936191,210.23,200.57,120.48,2.890255297936191,2.9456145990416496,-0.018793803209513404,-0.03361725714639152,-1,-8,2.9456145990416496,True
304,20180402,189.74109679840092,211.59,200.62,121.03,2.897410967984009,2.9456145990416496,-0.016364541061591464,-0.03361725714639152,-1,-9,2.9456145990416496,True
305,20180403,194.78031978285375,213.95,208.16,127.26,2.9478031978285375,2.9478031978285375,0.0,-0.03361725714639152,1,1,2.9478031978285375,False
306,20180404,200.1582543842257,220.34,214.14,129.27,3.001582543842257,3.001582543842257,0.0,-0.03361725714639152,1,2,3.001582543842257,False
307,20180405,196.6229530795008,214.94,211.87,127.46,2.966229530795008,3.001582543842257,-0.011778124549589819,-0.03361725714639152,-1,-1,3.001582543842257,True
308,20180406,196.29765955147417,212.6,213.42,128.04,2.962976595514742,3.001582543842257,-0.012861864620953067,-0.03361725714639152,-1,-2,3.001582543842257,True
309,20180409,202.4727699646452,218.13,221.2,132.61,3.0247276996464523,3.0247276996464523,0.0,-0.03361725714639152,1,1,3.0247276996464523,False
310,20180410,206.3700339006855,227.19,221.43,132.04,3.0637003390068553,3.0637003390068553,0.0,-0.03361725714639152,1,2,3.0637003390068553,False
311,20180411,206.02556154547975,226.83,220.99,131.91,3.0602556154547975,3.0637003390068553,-0.0011243669977117898,-0.03361725714639152,-1,-1,3.0637003390068553,True
312,20180412,204.50795073952244,225.06,219.88,130.18,3.0450795073952244,3.0637003390068553,-0.006077889333546027,-0.03361725714639152,-1,-2,3.0637003390068553,True
313,20180413,207.54958774788432,227.76,223.73,132.45,3.075495877478843,3.075495877478843,0.0,-0.03361725714639152,1,1,3.075495877478843,False
314,20180416,211.7212285702306,230.73,230.68,134.03,3.117212285702306,3.117212285702306,0.0,-0.03361725714639152,1,2,3.117212285702306,False
315,20180417,216.0509537189093,232.8,237.19,139.23,3.160509537189093,3.160509537189093,0.0,-0.03361725714639152,1,3,3.160509537189093,False
316,20180418,215.95862608999187,234.29,236.01,137.7,3.1595862608999186,3.160509537189093,-0.00029212893627128533,-0.03361725714639152,-1,-1,3.160509537189093,True
317,20180419,214.57398760879963,234.63,233.28,135.05,3.145739876087996,3.160509537189093,-0.004673189853504622,-0.03361725714639152,-1,-2,3.160509537189093,True
318,20180420,216.19455459489004,237.44,234.12,135.52,3.1619455459489005,3.1619455459489005,0.0,-0.03361725714639152,1,1,3.1619455459489005,False
319,20180423,220.07641065956926,240.61,239.1,138.9,3.2007641065956927,3.2007641065956927,0.0,-0.03361725714639152,1,2,3.2007641065956927,False
320,20180424,222.474895785099,243.81,241.43,139.66,3.22474895785099,3.22474895785099,0.0,-0.03361725714639152,1,3,3.22474895785099,False
321,20180425,224.26667210572614,247.87,241.52,139.66,3.2426667210572613,3.2426667210572613,0.0,-0.03361725714639152,1,4,3.2426667210572613,False
322,20180426,222.21805692087722,243.14,241.52,139.66,3.2221805692087724,3.2426667210572613,-0.0063176865249381375,-0.03361725714639152,-1,-1,3.2426667210572613,True
323,20180427,225.1883316477948,243.03,247.1,144.5,3.251883316477948,3.251883316477948,0.0,-0.03361725714639152,1,1,3.251883316477948,False
324,20180430,230.41400699003944,246.06,255.33,148.9,3.304140069900394,3.304140069900394,0.0,-0.03361725714639152,1,2,3.304140069900394,False
325,20180502,226.63725253855796,240.87,251.76,147.85,3.2663725253855795,3.304140069900394,-0.011430370297816461,-0.03361725714639152,-1,-1,3.304140069900394,True
326,20180503,220.6365714482758,235.09,245.66,141.55,3.2063657144827578,3.304140069900394,-0.029591468082218464,-0.03361725714639152,-1,-2,3.304140069900394,True
327,20180504,226.77043634550387,243.19,250.07,146.6,3.2677043634550387,3.304140069900394,-0.011027288696769388,-0.03361725714639152,-1,-3,3.304140069900394,True
328,20180508,225.6671380153838,243.7,246.39,146.8,3.256671380153838,3.304140069900394,-0.014366427797350312,-0.03361725714639152,-1,-4,3.304140069900394,True
329,20180509,223.8402951241493,242.41,244.25,144.38,3.238402951241493,3.304140069900394,-0.019895378908946548,-0.03361725714639152,-1,-5,3.304140069900394,True
330,20180510,226.27382293553728,246.79,245.38,144.98,3.2627382293553726,3.304140069900394,-0.012530292199830928,-0.03361725714639152,-1,-6,3.304140069900394,True
331,20180511,229.07650721684493,250.03,247.71,147.71,3.2907650721684494,3.304140069900394,-0.004047951191230248,-0.03361725714639152,-1,-7,3.304140069900394,True
332,20180514,229.9483515421122,249.63,250.43,147.9,3.2994835154211217,3.304140069900394,-0.0014093090428254351,-0.03361725714639152,-1,-8,3.304140069900394,True
333,20180515,233.95948330515446,254.44,253.81,151.34,3.3395948330515446,3.3395948330515446,0.0,-0.03361725714639152,1,1,3.3395948330515446,False
334,20180516,222.6388055968171,242.19,242.07,142.86,3.226388055968171,3.3395948330515446,-0.033898356759622605,-0.033898356759622605,-1,-1,3.3395948330515446,True
335,20180517,225.7627423866335,246.63,245.2,143.07,3.257627423866335,3.3395948330515446,-0.02454411785944466,-0.033898356759622605,-1,-2,3.3395948330515446,True
336,20180518,230.42063211170003,249.03,252.74,147.27,3.3042063211170003,3.3395948330515446,-0.010596648307246381,-0.033898356759622605,-1,-3,3.3395948330515446,True
337,20180521,228.2131966472925,246.65,251.43,143.75,3.282131966472925,3.3395948330515446,-0.017206538353071177,-0.033898356759622605,-1,-4,3.3395948330515446,True
338,20180523,227.73350875114457,244.76,251.38,145.57,3.2773350875114455,3.3395948330515446,-0.018642903900773278,-0.033898356759622605,-1,-5,3.3395948330515446,True
339,20180524,230.47419290785967,254.9,248.71,142.2,3.3047419290785967,3.3395948330515446,-0.01043626718666979,-0.033898356759622605,-1,-6,3.3395948330515446,True
340,20180525,229.23124756148238,262.45,233.45,148.01,3.292312475614824,3.3395948330515446,-0.014158111926864114,-0.033898356759622605,-1,-7,3.3395948330515446,True
341,20180528,231.80511805318628,264.69,237.63,148.29,3.318051180531863,3.3395948330515446,-0.006450977916981682,-0.033898356759622605,-1,-8,3.3395948330515446,True
342,20180529,227.57027888071568,258.72,232.14,150.25,3.275702788807157,3.3395948330515446,-0.01913167537931737,-0.033898356759622605,-1,-9,3.3395948330515446,True
343,20180530,227.9921955750678,258.63,232.52,151.88,3.279921955750678,3.3395948330515446,-0.01786829848647853,-0.033898356759622605,-1,-10,3.3395948330515446,True
344,20180531,225.5790785322644,257.61,228.27,149.86,3.255790785322644,3.3395948330515446,-0.025094076353066153,-0.033898356759622605,-1,-11,3.3395948330515446,True
345,20180601,223.9973287846121,256.0,227.42,146.96,3.239973287846121,3.3395948330515446,-0.029830428595553515,-0.033898356759622605,-1,-12,3.3395948330515446,True
346,20180604,225.00463846971485,256.37,229.42,147.5,3.2500463846971486,3.3395948330515446,-0.026814165439515758,-0.033898356759622605,-1,-13,3.3395948330515446,True
347,20180605,223.42974512014325,250.67,230.73,149.58,3.2342974512014324,3.3395948330515446,-0.031529987053518393,-0.033898356759622605,-1,-14,3.3395948330515446,True
348,20180607,228.28184588832715,260.96,229.73,153.48,3.2828184588832716,3.3395948330515446,-0.017000976767110876,-0.033898356759622605,-1,-15,3.3395948330515446,True
349,20180608,224.1903560071134,252.65,227.41,155.35,3.241903560071134,3.3395948330515446,-0.02925243266445754,-0.033898356759622605,-1,-16,3.3395948330515446,True
350,20180611,223.73335442576618,251.8,227.52,154.69,3.2373335442576616,3.3395948330515446,-0.030620866873375174,-0.033898356759622605,-1,-17,3.3395948330515446,True
351,20180612,221.65677146785967,247.61,228.52,151.47,3.2165677146785967,3.3395948330515446,-0.03683893541676497,-0.03683893541676497,-1,-18,3.3395948330515446,True
352,20180614,220.09950924720997,247.04,225.72,150.08,3.2009950924720996,3.3395948330515446,-0.041501962815291504,-0.041501962815291504,-1,-19,3.3395948330515446,True
353,20180615,225.06331898064295,254.79,229.39,151.34,3.2506331898064293,3.3395948330515446,-0.026638453971922993,-0.041501962815291504,-1,-20,3.3395948330515446,True
354,20180618,228.5266661497822,260.62,231.79,151.59,3.285266661497822,3.3395948330515446,-0.016267893043803938,-0.041501962815291504,-1,-21,3.3395948330515446,True
355,20180619,222.78071718285486,250.94,229.41,148.17,3.2278071718285486,3.3395948330515446,-0.03347342022350963,-0.041501962815291504,-1,-22,3.3395948330515446,True
356,20180620,230.59017113707895,269.12,229.22,148.2,3.3059017113707894,3.3395948330515446,-0.010088984851485128,-0.041501962815291504,-1,-23,3.3395948330515446,True
357,20180621,229.55070465850866,266.72,229.22,148.2,3.2955070465850866,3.3395948330515446,-0.01320153751291231,-0.041501962815291504,-1,-24,3.3395948330515446,True
358,20180622,226.68793441085663,262.52,227.32,146.47,3.2668793441085664,3.3395948330515446,-0.021773745791951238,-0.041501962815291504,-1,-25,3.3395948330515446,True
359,20180625,234.40177510942726,273.06,233.37,151.09,3.3440177510942726,3.3440177510942726,0.0,-0.041501962815291504,1,1,3.3440177510942726,False
360,20180626,235.1091624034073,272.32,235.01,153.23,3.351091624034073,3.351091624034073,0.0,-0.041501962815291504,1,2,3.351091624034073,False
361,20180627,241.98664018369055,279.06,242.72,158.84,3.4198664018369054,3.4198664018369054,0.0,-0.041501962815291504,1,3,3.4198664018369054,False
362,20180628,240.29714312865647,276.88,239.59,160.95,3.4029714312865647,3.4198664018369054,-0.004940242853131882,-0.041501962815291504,-1,-1,3.4198664018369054,True
363,20180629,237.46427188112597,272.9,238.51,157.34,3.3746427188112595,3.4198664018369054,-0.013223815702670394,-0.041501962815291504,-1,-2,3.4198664018369054,True
364,20180702,242.55918762194744,283.27,237.51,162.3,3.4255918762194746,3.4255918762194746,0.0,-0.041501962815291504,1,1,3.4255918762194746,False
365,20180703,240.58801784995998,281.31,236.14,159.17,3.4058801784996,3.4255918762194746,-0.005754245815654202,-0.041501962815291504,-1,-1,3.4255918762194746,True
366,20180704,242.7323982279537,290.46,232.35,157.06,3.427323982279537,3.427323982279537,0.0,-0.041501962815291504,1,1,3.427323982279537,False
367,20180705,242.75726969049003,288.37,235.12,156.57,3.4275726969049005,3.4275726969049005,0.0,-0.041501962815291504,1,2,3.4275726969049005,False
368,20180706,237.66492297491146,281.54,231.04,153.4,3.3766492297491144,3.4275726969049005,-0.01485700571771098,-0.041501962815291504,-1,-1,3.4275726969049005,True
369,20180709,240.4230459683141,285.31,232.98,155.47,3.404230459683141,3.4275726969049005,-0.006810136293487701,-0.041501962815291504,-1,-2,3.4275726969049005,True
370,20180710,242.13600755002614,290.64,231.59,155.06,3.4213600755002616,3.4275726969049005,-0.0018125425640859172,-0.041501962815291504,-1,-3,3.4275726969049005,True
371,20180711,240.48963465895918,287.28,231.53,154.2,3.4048963465895916,3.4275726969049005,-0.00661586268783898,-0.041501962815291504,-1,-4,3.4275726969049005,True
372,20180712,241.64801364649986,288.25,233.83,153.62,3.416480136464999,3.4275726969049005,-0.0032362728440211708,-0.041501962815291504,-1,-5,3.4275726969049005,True
373,20180713,244.1500333742235,290.63,236.11,156.81,3.441500333742235,3.441500333742235,0.0,-0.041501962815291504,1,1,3.441500333742235,False
374,20180716,243.26715655993522,284.4,239.69,159.3,3.4326715655993523,3.441500333742235,-0.002565383491705986,-0.041501962815291504,-1,-1,3.441500333742235,True
375,20180717,242.2745987030002,283.98,238.26,157.87,3.422745987030002,3.441500333742235,-0.005449468224180021,-0.041501962815291504,-1,-2,3.441500333742235,True
376,20180718,243.6483445369638,285.82,240.49,156.6,3.436483445369638,3.441500333742235,-0.001457761989272277,-0.041501962815291504,-1,-3,3.441500333742235,True
377,20180719,246.78649450926662,287.14,246.59,158.16,3.467864945092666,3.467864945092666,0.0,-0.041501962815291504,1,1,3.467864945092666,False
378,20180720,245.92155009687644,285.77,245.91,158.06,3.4592155009687646,3.467864945092666,-0.0024941698309621785,-0.041501962815291504,-1,-1,3.467864945092666,True
379,20180723,249.73292718496748,294.57,245.91,158.06,3.497329271849675,3.497329271849675,0.0,-0.041501962815291504,1,1,3.497329271849675,False
380,20180724,247.78825864797557,290.08,245.91,158.06,3.4778825864797556,3.497329271849675,-0.005560438797240885,-0.041501962815291504,-1,-1,3.497329271849675,True
381,20180725,249.68528497136634,294.46,245.91,158.06,3.4968528497136635,3.497329271849675,-0.00013622455850703652,-0.041501962815291504,-1,-2,3.497329271849675,True
382,20180726,252.03274676880426,299.88,245.91,158.06,3.5203274676880425,3.5203274676880425,0.0,-0.041501962815291504,1,1,3.5203274676880425,False
383,20180727,253.2911268917684,299.31,248.69,160.48,3.532911268917684,3.532911268917684,0.0,-0.041501962815291504,1,2,3.532911268917684,False
384,20180730,254.13846819754332,299.24,249.58,163.27,3.5413846819754333,3.5413846819754333,0.0,-0.041501962815291504,1,3,3.5413846819754333,False
385,20180731,256.3929099153787,301.31,252.01,165.6,3.5639290991537873,3.5639290991537873,0.0,-0.041501962815291504,1,4,3.5639290991537873,False
386,20180801,261.0021690127446,309.87,252.52,169.23,3.610021690127446,3.610021690127446,0.0,-0.041501962815291504,1,5,3.610021690127446,False
387,20180802,258.7737815051484,307.8,249.89,167.41,3.5877378150514843,3.610021690127446,-0.006172781492394641,-0.041501962815291504,-1,-1,3.610021690127446,True
388,20180803,259.56396596138165,307.31,252.41,167.76,3.5956396596138167,3.610021690127446,-0.003983918033778178,-0.041501962815291504,-1,-2,3.610021690127446,True
389,20180806,259.99666035373156,309.02,251.51,167.89,3.5999666035373155,3.610021690127446,-0.0027853258105425827,-0.041501962815291504,-1,-3,3.610021690127446,True
390,20180807,266.07160755683105,313.11,259.68,174.39,3.6607160755683106,3.6607160755683106,0.0,-0.041501962815291504,1,1,3.6607160755683106,False
391,20180808,269.13263842167663,314.41,265.15,176.79,3.6913263842167665,3.6913263842167665,0.0,-0.041501962815291504,1,2,3.6913263842167665,False
392,20180809,270.44982867577426,311.64,269.77,180.89,3.7044982867577425,3.7044982867577425,0.0,-0.041501962815291504,1,3,3.7044982867577425,False
393,20180810,274.43289008616216,309.92,277.75,189.91,3.7443289008616216,3.7443289008616216,0.0,-0.041501962815291504,1,4,3.7443289008616216,False
394,20180813,267.0278351036468,301.11,270.58,185.16,3.670278351036468,3.7443289008616216,-0.01977672148622245,-0.041501962815291504,-1,-1,3.7443289008616216,True
395,20180814,268.1280179315103,301.21,273.3,185.41,3.6812801793151033,3.7443289008616216,-0.016838457094944248,-0.041501962815291504,-1,-2,3.7443289008616216,True
396,20180816,275.1509594189338,312.78,278.73,185.41,3.7515095941893377,3.7515095941893377,0.0,-0.041501962815291504,1,1,3.7515095941893377,False
397,20180817,276.281379214379,315.39,278.73,185.41,3.76281379214379,3.76281379214379,0.0,-0.041501962815291504,1,2,3.76281379214379,False
398,20180820,273.2783297475685,307.22,279.73,186.25,3.732783297475685,3.76281379214379,-0.007980861219017643,-0.041501962815291504,-1,-1,3.76281379214379,True
399,20180821,279.87469958445786,316.52,284.77,189.82,3.7987469958445788,3.7987469958445788,0.0,-0.041501962815291504,1,1,3.7987469958445788,False
400,20180822,283.6749265931189,320.8,287.93,193.77,3.8367492659311893,3.8367492659311893,0.0,-0.041501962815291504,1,2,3.8367492659311893,False
401,20180823,286.1504602984189,322.89,291.58,194.88,3.8615046029841893,3.8615046029841893,0.0,-0.041501962815291504,1,3,3.8615046029841893,False
402,20180824,288.2361108074049,322.92,294.19,200.51,3.8823611080740488,3.8823611080740488,0.0,-0.041501962815291504,1,4,3.8823611080740488,False
403,20180827,289.8270136022568,328.0,291.39,202.69,3.898270136022568,3.898270136022568,0.0,-0.041501962815291504,1,5,3.898270136022568,False
404,20180828,293.5371163217201,329.01,298.23,206.45,3.9353711632172006,3.9353711632172006,0.0,-0.041501962815291504,1,6,3.9353711632172006,False
405,20180829,290.64758248357754,328.5,293.81,201.2,3.906475824835775,3.9353711632172006,-0.007342468393198076,-0.041501962815291504,-1,-1,3.9353711632172006,True
406,20180830,293.4124904754188,330.19,295.91,207.59,3.9341249047541877,3.9353711632172006,-0.00031668130179463017,-0.041501962815291504,-1,-2,3.9353711632172006,True
407,20180831,296.222165534114,334.4,298.89,206.99,3.9622216553411405,3.9622216553411405,0.0,-0.041501962815291504,1,1,3.9622216553411405,False
408,20180903,298.95939485701297,338.71,300.63,208.14,3.9895939485701297,3.9895939485701297,0.0,-0.041501962815291504,1,2,3.9895939485701297,False
409,20180904,300.6925666480214,337.89,304.83,210.85,4.006925666480214,4.006925666480214,0.0,-0.041501962815291504,1,3,4.006925666480214,False
410,20180905,298.59531851498684,335.08,302.29,211.16,3.9859531851498686,4.006925666480214,-0.0052340579975790336,-0.041501962815291504,-1,-1,4.006925666480214,True
411,20180906,298.3361315467613,332.29,303.76,213.22,3.983361315467613,4.006925666480214,-0.0058809054557033,-0.041501962815291504,-1,-2,4.006925666480214,True
412,20180907,296.3483061174246,324.4,307.3,213.82,3.963483061174246,4.006925666480214,-0.010841879516105157,-0.041501962815291504,-1,-3,4.006925666480214,True
413,20180910,297.76345310067575,322.39,311.72,217.12,3.9776345310067573,4.006925666480214,-0.007310126992993826,-0.041501962815291504,-1,-4,4.006925666480214,True
414,20180911,298.73567457774516,324.04,311.97,217.96,3.9873567457774515,4.006925666480214,-0.004883774327651191,-0.041501962815291504,-1,-5,4.006925666480214,True
415,20180912,297.7226611629411,323.42,310.92,216.15,3.977226611629411,4.006925666480214,-0.007411930572920111,-0.041501962815291504,-1,-6,4.006925666480214,True
416,20180913,299.81022763937153,322.71,318.19,214.63,3.9981022763937153,4.006925666480214,-0.0022020348818323487,-0.041501962815291504,-1,-7,4.006925666480214,True
417,20180914,301.7443846713687,325.54,319.8,215.2,4.017443846713688,4.017443846713688,0.0,-0.041501962815291504,1,1,4.017443846713688,False
418,20180917,301.9278269963013,325.45,320.13,215.71,4.019278269963013,4.019278269963013,0.0,-0.041501962815291504,1,2,4.019278269963013,False
419,20180918,301.4653786626925,322.67,322.28,215.43,4.0146537866269245,4.019278269963013,-0.0011505755574696686,-0.041501962815291504,-1,-1,4.019278269963013,True
420,20180919,287.03877336765805,311.51,302.42,204.05,3.8703877336765804,4.019278269963013,-0.037044097543363796,-0.041501962815291504,-1,-2,4.019278269963013,True
421,20180920,287.5412825099776,312.8,302.21,204.16,3.875412825099776,4.019278269963013,-0.035793850338349587,-0.041501962815291504,-1,-3,4.019278269963013,True
422,20180921,290.3010300524967,317.65,304.27,203.63,3.903010300524967,4.019278269963013,-0.02892757396444612,-0.041501962815291504,-1,-4,4.019278269963013,True
423,20180927,290.39875060786574,317.7,304.47,203.64,3.9039875060786575,4.019278269963013,-0.028684444355582372,-0.041501962815291504,-1,-5,4.019278269963013,True
424,20180928,295.34007454034224,317.74,313.35,211.96,3.9534007454034223,4.019278269963013,-0.016390386565644954,-0.041501962815291504,-1,-6,4.019278269963013,True
425,20181001,297.5273099846535,322.2,313.25,213.45,3.975273099846535,4.019278269963013,-0.010948525372164064,-0.041501962815291504,-1,-7,4.019278269963013,True
426,20181002,301.6281039655461,331.22,312.91,215.08,4.0162810396554605,4.019278269963013,-0.0007457135600565934,-0.041501962815291504,-1,-8,4.019278269963013,True
427,20181004,299.5644127545819,328.12,311.16,214.71,3.9956441275458188,4.019278269963013,-0.005880195604722749,-0.041501962815291504,-1,-9,4.019278269963013,True
428,20181005,298.9683816449594,327.24,310.58,214.71,3.9896838164495936,4.019278269963013,-0.007363126294236744,-0.041501962815291504,-1,-10,4.019278269963013,True
429,20181008,299.67435262832174,328.87,310.58,214.71,3.9967435262832174,4.019278269963013,-0.005606664223326563,-0.041501962815291504,-1,-11,4.019278269963013,True
430,20181010,303.4467497234663,337.58,310.58,214.71,4.0344674972346635,4.0344674972346635,0.0,-0.041501962815291504,1,1,4.0344674972346635,False
431,20181011,302.0997744116524,334.47,310.58,214.71,4.020997744116524,4.0344674972346635,-0.0033386693850853133,-0.041501962815291504,-1,-1,4.0344674972346635,True
432,20181012,303.2085386554607,337.03,310.58,214.71,4.032085386554607,4.0344674972346635,-0.0005904399234072377,-0.041501962815291504,-1,-2,4.0344674972346635,True
433,20181015,306.1536936780764,343.83,310.58,214.71,4.061536936780764,4.061536936780764,0.0,-0.041501962815291504,1,1,4.061536936780764,False
434,20181016,309.7554232028423,351.71,310.92,215.03,4.097554232028423,4.097554232028423,0.0,-0.041501962815291504,1,2,4.097554232028423,False
435,20181017,309.5868606440808,352.55,309.34,215.3,4.095868606440808,4.097554232028423,-0.0004113735882832481,-0.041501962815291504,-1,-1,4.097554232028423,True
436,20181018,313.80879969569236,355.77,314.66,219.66,4.138087996956924,4.138087996956924,0.0,-0.041501962815291504,1,1,4.138087996956924,False
437,20181019,313.85653177485455,353.22,315.04,224.81,4.1385653177485455,4.1385653177485455,0.0,-0.041501962815291504,1,2,4.1385653177485455,False
438,20181022,315.4431842031824,354.78,317.52,224.77,4.1544318420318245,4.1544318420318245,0.0,-0.041501962815291504,1,3,4.1544318420318245,False
439,20181023,309.7017938952373,351.27,308.65,220.01,4.097017938952373,4.1544318420318245,-0.013819916961586687,-0.041501962815291504,-1,-1,4.1544318420318245,True
440,20181024,310.9259599368438,357.51,303.96,221.33,4.109259599368438,4.1544318420318245,-0.010873266039982399,-0.041501962815291504,-1,-2,4.1544318420318245,True
441,20181025,311.35791179899184,357.52,303.1,225.13,4.113579117989918,4.1544318420318245,-0.009833528529361146,-0.041501962815291504,-1,-3,4.1544318420318245,True
442,20181026,313.65340027250124,362.82,303.1,225.13,4.136534002725012,4.1544318420318245,-0.004308131650093139,-0.041501962815291504,-1,-4,4.1544318420318245,True
443,20181029,312.4276960498538,359.99,303.1,225.13,4.124276960498538,4.1544318420318245,-0.0072584850780795795,-0.041501962815291504,-1,-5,4.1544318420318245,True
444,20181030,311.84299615565794,358.64,303.1,225.13,4.118429961556579,4.1544318420318245,-0.00866589749072344,-0.041501962815291504,-1,-6,4.1544318420318245,True
445,20181031,314.7318467440179,365.31,303.1,225.13,4.147318467440179,4.1544318420318245,-0.0017122376445503074,-0.041501962815291504,-1,-7,4.1544318420318245,True
446,20181101,325.93644822648287,374.55,316.54,236.45,4.259364482264829,4.259364482264829,0.0,-0.041501962815291504,1,1,4.259364482264829,False
447,20181102,330.7787348801003,380.11,321.7,239.11,4.307787348801003,4.307787348801003,0.0,-0.041501962815291504,1,2,4.307787348801003,False
448,20181105,333.3755741729692,386.14,321.66,239.11,4.333755741729692,4.333755741729692,0.0,-0.041501962815291504,1,3,4.333755741729692,False
449,20181106,336.5005342265785,389.97,325.05,240.18,4.3650053422657855,4.3650053422657855,0.0,-0.041501962815291504,1,4,4.3650053422657855,False
450,20181107,336.0129911949816,391.76,322.23,239.07,4.360129911949816,4.3650053422657855,-0.001116935704238764,-0.041501962815291504,-1,-1,4.3650053422657855,True
451,20181108,342.57083906053754,392.89,333.69,248.35,4.425708390605376,4.425708390605376,0.0,-0.041501962815291504,1,1,4.425708390605376,False
452,20181109,342.6260076030567,395.92,331.41,246.25,4.426260076030567,4.426260076030567,0.0,-0.041501962815291504,1,2,4.426260076030567,False
453,20181112,342.31809330112554,397.3,329.57,245.11,4.423180933011255,4.426260076030567,-0.000695653433467669,-0.041501962815291504,-1,-1,4.426260076030567,True
454,20181113,335.75470378919437,389.25,320.55,246.46,4.357547037891944,4.426260076030567,-0.015523949555229066,-0.041501962815291504,-1,-2,4.426260076030567,True
455,20181114,338.11137641528126,397.03,320.62,241.17,4.381113764152813,4.426260076030567,-0.01019965187365146,-0.041501962815291504,-1,-3,4.426260076030567,True
456,20181115,339.68351163821234,400.65,322.81,237.06,4.396835116382123,4.426260076030567,-0.006647815343655106,-0.041501962815291504,-1,-4,4.426260076030567,True
457,20181116,342.44120334975946,404.4,325.88,237.04,4.424412033497594,4.426260076030567,-0.00041751783700649803,-0.041501962815291504,-1,-5,4.426260076030567,True
458,20181119,342.4029279902182,403.55,326.5,237.55,4.424029279902182,4.426260076030567,-0.0005039912002606783,-0.041501962815291504,-1,-6,4.426260076030567,True
459,20181120,341.8090269897418,399.77,328.42,239.24,4.418090269897418,4.426260076030567,-0.0018457582683383267,-0.041501962815291504,-1,-7,4.426260076030567,True
460,20181121,339.4242786851741,395.66,327.97,237.01,4.394242786851741,4.426260076030567,-0.007233485748433077,-0.041501962815291504,-1,-8,4.426260076030567,True
461,20181122,335.13322261225505,389.11,324.66,235.85,4.351332226122551,4.426260076030567,-0.016928026962032994,-0.041501962815291504,-1,-9,4.426260076030567,True
462,20181123,332.64937079162223,389.94,319.53,231.05,4.326493707916223,4.426260076030567,-0.02253965343216202,-0.041501962815291504,-1,-10,4.426260076030567,True
463,20181126,338.3782531796922,397.44,324.46,234.38,4.383782531796922,4.426260076030567,-0.009596712236515925,-0.041501962815291504,-1,-11,4.426260076030567,True
464,20181127,341.042957479108,401.35,325.91,236.59,4.410429574791079,4.426260076030567,-0.0035764959508850502,-0.041501962815291504,-1,-12,4.426260076030567,True
465,20181128,343.0912903498457,407.06,324.17,237.71,4.430912903498457,4.430912903498457,0.0,-0.041501962815291504,1,1,4.430912903498457,False
466,20181129,345.0175442889947,411.86,323.53,238.14,4.450175442889947,4.450175442889947,0.0,-0.041501962815291504,1,2,4.450175442889947,False
467,20181130,347.09887232503826,415.04,326.75,235.65,4.470988723250382,4.470988723250382,0.0,-0.041501962815291504,1,3,4.470988723250382,False
468,20181203,360.21470683728455,425.57,342.95,248.65,4.602147068372846,4.602147068372846,0.0,-0.041501962815291504,1,4,4.602147068372846,False
469,20181204,361.23219312456615,423.8,345.29,253.32,4.612321931245662,4.612321931245662,0.0,-0.041501962815291504,1,5,4.612321931245662,False
470,20181205,376.11280663258293,436.88,364.82,263.4,4.7611280663258295,4.7611280663258295,0.0,-0.041501962815291504,1,6,4.7611280663258295,False
471,20181206,372.83437702472986,437.18,358.43,258.1,4.728343770247299,4.7611280663258295,-0.006885825296405135,-0.041501962815291504,-1,-1,4.7611280663258295,True
472,20181207,374.3293018096633,436.11,363.44,258.62,4.743293018096633,4.7611280663258295,-0.003745971118764624,-0.041501962815291504,-1,-2,4.7611280663258295,True
473,20181210,373.4154044302744,436.13,360.95,258.62,4.734154044302744,4.7611280663258295,-0.005665468697190867,-0.041501962815291504,-1,-3,4.7611280663258295,True
474,20181211,371.7782447265263,432.35,360.95,258.62,4.717782447265263,4.7611280663258295,-0.009104064930985256,-0.041501962815291504,-1,-4,4.7611280663258295,True
475,20181212,375.8927995375336,441.85,360.95,258.62,4.758927995375336,4.7611280663258295,-0.00046209026933219377,-0.041501962815291504,-1,-5,4.7611280663258295,True
476,20181213,379.7347586964909,446.44,363.15,263.91,4.797347586964909,4.797347586964909,0.0,-0.041501962815291504,1,1,4.797347586964909,False
477,20181214,382.89052732541296,451.63,365.68,263.76,4.828905273254129,4.828905273254129,0.0,-0.041501962815291504,1,2,4.828905273254129,False
478,20181217,381.6610603669537,450.36,364.53,262.47,4.816610603669536,4.828905273254129,-0.002546057312966865,-0.041501962815291504,-1,-1,4.828905273254129,True
479,20181218,388.04697088242955,461.72,366.79,265.67,4.880469708824295,4.880469708824295,0.0,-0.041501962815291504,1,1,4.880469708824295,False
480,20181219,386.022654957758,457.44,365.72,266.82,4.86022654957758,4.880469708824295,-0.004147789138023716,-0.041501962815291504,-1,-1,4.880469708824295,True
481,20181220,391.1422639305672,468.15,367.05,266.76,4.9114226393056715,4.9114226393056715,0.0,-0.041501962815291504,1,1,4.9114226393056715,False
482,20181221,389.04805259367305,460.16,369.63,268.85,4.890480525936731,4.9114226393056715,-0.004263960751685891,-0.041501962815291504,-1,-1,4.9114226393056715,True
483,20181224,387.6026512454553,457.13,367.58,272.04,4.876026512454553,4.9114226393056715,-0.0072068989884613854,-0.041501962815291504,-1,-2,4.9114226393056715,True
484,20181226,374.27367431715317,442.24,352.7,265.08,4.742736743171532,4.9114226393056715,-0.03434562824713172,-0.041501962815291504,-1,-3,4.9114226393056715,True
485,20181227,376.09425443447304,443.46,357.2,263.17,4.760942544344731,4.9114226393056715,-0.030638799796348537,-0.041501962815291504,-1,-4,4.9114226393056715,True
486,20181228,376.7811756674755,443.5,358.35,264.41,4.767811756674755,4.9114226393056715,-0.029240180122478532,-0.041501962815291504,-1,-5,4.9114226393056715,True
487,20190102,379.9338349937113,445.09,363.67,266.92,4.799338349937113,4.9114226393056715,-0.022821145236322837,-0.041501962815291504,-1,-6,4.9114226393056715,True
488,20190103,377.68814252433486,438.55,364.92,267.55,4.7768814252433485,4.9114226393056715,-0.027393532168378587,-0.041501962815291504,-1,-7,4.9114226393056715,True
489,20190104,384.06062253244806,445.82,371.31,271.91,4.84060622532448,4.9114226393056715,-0.014418717178695584,-0.041501962815291504,-1,-8,4.9114226393056715,True
490,20190107,384.3289912063848,444.63,373.33,272.09,4.843289912063848,4.9114226393056715,-0.013872299788774689,-0.041501962815291504,-1,-9,4.9114226393056715,True
491,20190108,387.8620088003233,445.66,378.81,277.47,4.878620088003233,4.9114226393056715,-0.0066788288672049445,-0.041501962815291504,-1,-10,4.9114226393056715,True
492,20190109,390.0771910522503,447.72,380.78,280.49,4.900771910522503,4.9114226393056715,-0.002168562871769808,-0.041501962815291504,-1,-11,4.9114226393056715,True
493,20190110,389.8996316465436,448.92,377.61,282.92,4.8989963164654355,4.9114226393056715,-0.002530086240347007,-0.041501962815291504,-1,-12,4.9114226393056715,True
494,20190111,394.0844212063293,453.98,381.67,285.41,4.940844212063293,4.940844212063293,0.0,-0.041501962815291504,1,1,4.940844212063293,False
495,20190114,396.1007532376369,454.01,386.6,286.31,4.961007532376369,4.961007532376369,0.0,-0.041501962815291504,1,2,4.961007532376369,False
496,20190115,396.96035780602807,454.05,388.55,286.92,4.969603578060281,4.969603578060281,0.0,-0.041501962815291504,1,3,4.969603578060281,False
497,20190116,400.16392236653405,454.69,394.89,289.86,5.00163922366534,5.00163922366534,0.0,-0.041501962815291504,1,4,5.00163922366534,False
498,20190117,405.647411902918,458.23,401.02,298.41,5.05647411902918,5.05647411902918,0.0,-0.041501962815291504,1,5,5.05647411902918,False
499,20190118,408.16627424454884,461.84,402.92,299.69,5.081662742445489,5.081662742445489,0.0,-0.041501962815291504,1,6,5.081662742445489,False
500,20190121,417.48684639227366,475.69,408.25,306.55,5.174868463922737,5.174868463922737,0.0,-0.041501962815291504,1,7,5.174868463922737,False
501,20190122,414.5796827119527,473.18,405.32,302.81,5.145796827119527,5.174868463922737,-0.005617850387094059,-0.041501962815291504,-1,-1,5.174868463922737,True
502,20190123,417.3382466826632,477.47,406.33,305.49,5.173382466826633,5.174868463922737,-0.0002871564961436368,-0.041501962815291504,-1,-2,5.174868463922737,True
503,20190124,420.58039586461143,484.38,406.95,305.59,5.205803958646114,5.205803958646114,0.0,-0.041501962815291504,1,1,5.205803958646114,False
504,20190125,422.3043037706326,486.35,408.33,307.42,5.223043037706326,5.223043037706326,0.0,-0.041501962815291504,1,2,5.223043037706326,False
505,20190128,420.97429557834437,484.83,407.45,305.66,5.209742955783444,5.223043037706326,-0.002546423957617394,-0.041501962815291504,-1,-1,5.223043037706326,True
506,20190129,423.08842134096045,490.12,407.11,305.4,5.230884213409604,5.230884213409604,0.0,-0.041501962815291504,1,1,5.230884213409604,False
507,20190130,421.9341432895619,487.01,409.04,302.74,5.219341432895619,5.230884213409604,-0.002206659532702937,-0.041501962815291504,-1,-1,5.230884213409604,True
508,20190131,419.8203218028579,484.8,405.95,302.68,5.198203218028579,5.230884213409604,-0.006247700015467039,-0.041501962815291504,-1,-2,5.230884213409604,True
509,20190201,424.94510170975514,495.61,411.64,294.2,5.2494510170975515,5.2494510170975515,0.0,-0.041501962815291504,1,1,5.2494510170975515,False
510,20190207,425.5518704749372,498.52,410.3,293.4,5.255518704749372,5.255518704749372,0.0,-0.041501962815291504,1,2,5.255518704749372,False
511,20190208,426.63434694978565,496.88,414.72,294.19,5.266343469497857,5.266343469497857,0.0,-0.041501962815291504,1,3,5.266343469497857,False
512,20190211,426.7163493470139,495.85,416.58,293.37,5.267163493470139,5.267163493470139,0.0,-0.041501962815291504,1,4,5.267163493470139,False
513,20190212,430.95254760250566,502.99,417.16,298.1,5.3095254760250565,5.3095254760250565,0.0,-0.041501962815291504,1,5,5.3095254760250565,False
514,20190213,429.3511014117338,500.49,415.67,298.27,5.293511014117338,5.3095254760250565,-0.0030161757354835173,-0.041501962815291504,-1,-1,5.3095254760250565,True
515,20190214,435.92556075723365,503.34,429.06,300.2,5.3592556075723365,5.3592556075723365,0.0,-0.041501962815291504,1,1,5.3592556075723365,False
516,20190215,427.643439054206,492.13,420.77,298.39,5.27643439054206,5.3592556075723365,-0.015453865815479029,-0.041501962815291504,-1,-1,5.3592556075723365,True
517,20190218,425.07946975870505,488.99,417.69,298.07,5.25079469758705,5.3592556075723365,-0.020238055044815684,-0.041501962815291504,-1,-2,5.3592556075723365,True
518,20190219,429.2119545876282,494.84,420.15,301.57,5.292119545876282,5.3592556075723365,-0.012527124401604306,-0.041501962815291504,-1,-3,5.3592556075723365,True
519,20190220,431.5414451665665,497.69,423.71,300.43,5.315414451665665,5.3592556075723365,-0.008180456226929311,-0.041501962815291504,-1,-4,5.3592556075723365,True
520,20190221,436.3369117896216,504.09,427.82,302.98,5.363369117896216,5.363369117896216,0.0,-0.041501962815291504,1,1,5.363369117896216,False
521,20190222,430.06993922774177,497.39,420.37,299.9,5.3006993922774175,5.363369117896216,-0.011684768331473805,-0.041501962815291504,-1,-1,5.363369117896216,True
522,20190225,440.8189357704435,510.09,430.2,308.08,5.408189357704435,5.408189357704435,0.0,-0.041501962815291504,1,1,5.408189357704435,False
523,20190226,442.98021935963067,507.17,437.74,311.3,5.429802193596307,5.429802193596307,0.0,-0.041501962815291504,1,2,5.429802193596307,False
524,20190227,444.55370786227286,505.69,441.83,314.86,5.445537078622729,5.445537078622729,0.0,-0.041501962815291504,1,3,5.445537078622729,False
525,20190228,422.1921932183718,485.73,410.39,304.33,5.221921932183718,5.445537078622729,-0.041063928720060594,-0.041501962815291504,-1,-1,5.445537078622729,True
526,20190304,422.78110356864363,484.78,413.09,304.33,5.227811035686436,5.445537078622729,-0.039982473683084274,-0.041501962815291504,-1,-2,5.445537078622729,True
527,20190305,427.53280495636386,490.19,417.46,308.35,5.2753280495636385,5.445537078622729,-0.03125661006464742,-0.041501962815291504,-1,-3,5.445537078622729,True
528,20190306,439.9780169224643,510.16,423.64,316.02,5.399780169224643,5.445537078622729,-0.008402643988544511,-0.041501962815291504,-1,-4,5.445537078622729,True
529,20190307,436.5673890398403,506.59,419.88,313.62,5.365673890398403,5.445537078622729,-0.014665805607648963,-0.041501962815291504,-1,-5,5.445537078622729,True
530,20190308,442.78601318725083,515.29,424.04,318.25,5.427860131872508,5.445537078622729,-0.0032461346778105415,-0.041501962815291504,-1,-6,5.445537078622729,True
531,20190311,447.91838076739145,520.84,427.09,326.39,5.479183807673914,5.479183807673914,0.0,-0.041501962815291504,1,1,5.479183807673914,False
532,20190312,451.838111546325,530.97,428.25,321.82,5.51838111546325,5.51838111546325,0.0,-0.041501962815291504,1,2,5.51838111546325,False
533,20190313,462.5318453097171,544.46,436.26,331.41,5.6253184530971705,5.6253184530971705,0.0,-0.041501962815291504,1,3,5.6253184530971705,False
534,20190314,465.3856147477101,548.31,437.93,334.3,5.653856147477101,5.653856147477101,0.0,-0.041501962815291504,1,4,5.653856147477101,False
535,20190315,464.6649961995826,540.52,445.95,332.68,5.646649961995826,5.653856147477101,-0.0012745611655666789,-0.041501962815291504,-1,-1,5.653856147477101,True
536,20190318,467.64880994697114,542.66,449.53,336.4,5.676488099469712,5.676488099469712,0.0,-0.041501962815291504,1,1,5.676488099469712,False
537,20190319,469.3872554691765,547.93,446.71,338.95,5.693872554691765,5.693872554691765,0.0,-0.041501962815291504,1,2,5.693872554691765,False
538,20190320,467.62831160639456,546.77,445.99,333.91,5.676283116063946,5.693872554691765,-0.0030891872726104275,-0.041501962815291504,-1,-1,5.693872554691765,True
539,20190321,466.86762660124805,543.91,445.16,337.91,5.66867626601248,5.693872554691765,-0.004425158525637074,-0.041501962815291504,-1,-2,5.693872554691765,True
540,20190322,465.9820373678047,539.55,447.84,337.96,5.6598203736780475,5.693872554691765,-0.005980495820135379,-0.041501962815291504,-1,-3,5.693872554691765,True
541,20190325,461.81762974744265,529.71,448.14,337.89,5.6181762974744265,5.693872554691765,-0.01329433640992983,-0.041501962815291504,-1,-4,5.693872554691765,True
542,20190326,473.627690129295,546.1,460.22,339.09,5.73627690129295,5.73627690129295,0.0,-0.041501962815291504,1,1,5.73627690129295,False
543,20190327,481.9120942407179,552.67,468.82,350.56,5.819120942407179,5.819120942407179,0.0,-0.041501962815291504,1,2,5.819120942407179,False
544,20190328,472.084962583602,540.62,458.19,347.15,5.720849625836021,5.819120942407179,-0.016887656665631412,-0.041501962815291504,-1,-1,5.819120942407179,True
545,20190329,474.078398655132,547.69,453.0,351.5,5.74078398655132,5.819120942407179,-0.013461991361096048,-0.041501962815291504,-1,-2,5.819120942407179,True
546,20190401,477.1375468310816,551.8,455.09,354.07,5.771375468310816,5.819120942407179,-0.008204928986509819,-0.041501962815291504,-1,-3,5.819120942407179,True
547,20190402,480.368625677652,551.21,461.67,359.41,5.80368625677652,5.819120942407179,-0.0026524084622777666,-0.041501962815291504,-1,-4,5.819120942407179,True
548,20190403,480.9652645217776,554.32,460.53,357.74,5.809652645217776,5.819120942407179,-0.0016271009458493912,-0.041501962815291504,-1,-5,5.819120942407179,True
549,20190404,491.22684992393476,564.91,470.17,368.45,5.912268499239348,5.912268499239348,0.0,-0.041501962815291504,1,1,5.912268499239348,False
550,20190405,496.7546641164704,582.55,464.84,367.75,5.967546641164704,5.967546641164704,0.0,-0.041501962815291504,1,2,5.967546641164704,False
551,20190408,496.48778820308144,580.04,466.81,368.21,5.964877882030814,5.967546641164704,-0.00044721211150333673,-0.041501962815291504,-1,-1,5.967546641164704,True
552,20190409,498.08075052187826,577.29,474.34,368.18,5.980807505218783,5.980807505218783,0.0,-0.041501962815291504,1,1,5.980807505218783,False
553,20190410,503.2864435119189,581.65,481.82,370.96,6.032864435119189,6.032864435119189,0.0,-0.041501962815291504,1,2,6.032864435119189,False
554,20190411,501.1260773292553,578.49,481.04,368.4,6.011260773292553,6.032864435119189,-0.003580995737426873,-0.041501962815291504,-1,-1,6.032864435119189,True
555,20190412,507.8793817426032,591.35,484.6,367.71,6.078793817426032,6.078793817426032,0.0,-0.041501962815291504,1,1,6.078793817426032,False
556,20190415,510.98487092208694,598.73,483.83,368.7,6.109848709220869,6.109848709220869,0.0,-0.041501962815291504,1,2,6.109848709220869,False
557,20190416,514.8271616262409,604.5,485.86,371.71,6.148271616262409,6.148271616262409,0.0,-0.041501962815291504,1,3,6.148271616262409,False
558,20190417,513.4081344226449,598.77,488.23,372.65,6.134081344226449,6.148271616262409,-0.0023080099451732172,-0.041501962815291504,-1,-1,6.148271616262409,True
559,20190418,507.78624571401843,592.51,482.77,368.13,6.077862457140184,6.148271616262409,-0.011451862168221472,-0.041501962815291504,-1,-2,6.148271616262409,True
560,20190419,511.8769997802688,604.36,481.57,365.09,6.118769997802688,6.148271616262409,-0.0047983596530915,-0.041501962815291504,-1,-3,6.148271616262409,True
561,20190422,517.6796586135584,607.24,489.81,372.74,6.176796586135584,6.176796586135584,0.0,-0.041501962815291504,1,1,6.176796586135584,False
562,20190423,533.2529455790814,624.8,502.84,388.73,6.332529455790814,6.332529455790814,0.0,-0.041501962815291504,1,2,6.332529455790814,False
563,20190424,525.9950573945619,619.02,493.58,381.99,6.259950573945619,6.332529455790814,-0.011461278206740144,-0.041501962815291504,-1,-1,6.332529455790814,True
564,20190425,512.189600612296,608.41,472.75,374.39,6.1218960061229595,6.332529455790814,-0.033262135002820936,-0.041501962815291504,-1,-2,6.332529455790814,True
565,20190426,510.2820998158264,610.18,464.87,375.64,6.102820998158264,6.332529455790814,-0.036274360701550656,-0.041501962815291504,-1,-3,6.332529455790814,True
566,20190429,510.0409193658867,604.0,470.15,378.08,6.100409193658867,6.332529455790814,-0.036655220280054746,-0.041501962815291504,-1,-4,6.332529455790814,True
567,20190430,512.1225242841541,606.82,471.47,379.97,6.1212252428415415,6.332529455790814,-0.03336805843927726,-0.041501962815291504,-1,-5,6.332529455790814,True
568,20190502,523.8542065373638,617.5,486.25,388.27,6.238542065373638,6.332529455790814,-0.01484199814202658,-0.041501962815291504,-1,-6,6.332529455790814,True
569,20190503,522.1493232248706,608.76,490.36,391.11,6.221493232248706,6.332529455790814,-0.017534260885367137,-0.041501962815291504,-1,-7,6.332529455790814,True
570,20190507,535.389412497303,622.19,513.38,385.48,6.3538941249730305,6.3538941249730305,0.0,-0.041501962815291504,1,1,6.3538941249730305,False
571,20190508,539.3315134646562,634.73,507.14,389.67,6.393315134646562,6.393315134646562,0.0,-0.041501962815291504,1,2,6.393315134646562,False
572,20190509,550.4422140739285,656.9,503.24,404.71,6.504422140739285,6.504422140739285,0.0,-0.041501962815291504,1,3,6.504422140739285,False
573,20190510,554.7392423892354,674.01,497.19,400.27,6.547392423892354,6.547392423892354,0.0,-0.041501962815291504,1,4,6.547392423892354,False
574,20190513,548.5370924004327,659.69,497.19,400.27,6.485370924004327,6.547392423892354,-0.009472702393964139,-0.041501962815291504,-1,-1,6.547392423892354,True
575,20190514,556.4760176305132,678.02,497.19,400.27,6.564760176305132,6.564760176305132,0.0,-0.041501962815291504,1,1,6.564760176305132,False
576,20190515,559.3584470329749,676.01,505.39,403.91,6.593584470329749,6.593584470329749,0.0,-0.041501962815291504,1,2,6.593584470329749,False
577,20190516,561.1686124017451,679.15,506.78,403.58,6.611686124017451,6.611686124017451,0.0,-0.041501962815291504,1,3,6.611686124017451,False
578,20190517,571.5982103776979,700.72,508.57,405.74,6.715982103776979,6.715982103776979,0.0,-0.041501962815291504,1,4,6.715982103776979,False
579,20190520,578.4690927546882,703.51,521.68,409.84,6.784690927546881,6.784690927546881,0.0,-0.041501962815291504,1,5,6.784690927546881,False
580,20190521,580.7059226929292,711.2,519.56,408.27,6.807059226929292,6.807059226929292,0.0,-0.041501962815291504,1,6,6.807059226929292,False
581,20190522,588.0962461849023,715.74,529.71,416.74,6.880962461849022,6.880962461849022,0.0,-0.041501962815291504,1,7,6.880962461849022,False
582,20190523,596.3458531234166,734.93,529.31,417.18,6.963458531234166,6.963458531234166,0.0,-0.041501962815291504,1,8,6.963458531234166,False
583,20190524,581.1680891418758,712.05,517.63,412.39,6.811680891418758,6.963458531234166,-0.021796301239480176,-0.041501962815291504,-1,-1,6.963458531234166,True
584,20190527,587.5208469415509,714.71,525.02,424.93,6.875208469415509,6.963458531234166,-0.012673309020627799,-0.041501962815291504,-1,-2,6.963458531234166,True
585,20190528,594.9664697405348,731.36,525.08,426.01,6.949664697405348,6.963458531234166,-0.0019808883426168933,-0.041501962815291504,-1,-3,6.963458531234166,True
586,20190529,588.5474888024713,718.35,524.05,423.96,6.885474888024714,6.963458531234166,-0.011198981491691518,-0.041501962815291504,-1,-4,6.963458531234166,True
587,20190530,581.4871093730374,718.08,509.64,415.79,6.814871093730374,6.963458531234166,-0.02133816649260023,-0.041501962815291504,-1,-5,6.963458531234166,True
588,20190531,576.0542477054184,718.0,500.89,404.81,6.760542477054185,6.963458531234166,-0.029140125308395826,-0.041501962815291504,-1,-6,6.963458531234166,True
589,20190603,579.1429969799916,721.97,505.19,403.67,6.791429969799916,6.963458531234166,-0.024704471300091235,-0.041501962815291504,-1,-7,6.963458531234166,True
590,20190604,595.3010747277445,745.78,514.04,416.74,6.953010747277445,6.963458531234166,-0.0015003728262124039,-0.041501962815291504,-1,-8,6.963458531234166,True
591,20190605,588.0504529699255,736.34,509.73,408.77,6.880504529699254,6.963458531234166,-0.011912758748088614,-0.041501962815291504,-1,-9,6.963458531234166,True
592,20190607,591.7925306547439,739.85,515.43,409.33,6.917925306547439,6.963458531234166,-0.006538880713152895,-0.041501962815291504,-1,-10,6.963458531234166,True
593,20190610,591.015084207339,741.2,513.72,405.62,6.9101508420733895,6.963458531234166,-0.007655346681777253,-0.041501962815291504,-1,-11,6.963458531234166,True
594,20190611,606.6468876085479,753.52,533.68,420.39,7.066468876085479,7.066468876085479,0.0,-0.041501962815291504,1,1,7.066468876085479,False
595,20190612,609.3239963511593,759.21,534.27,420.36,7.093239963511593,7.093239963511593,0.0,-0.041501962815291504,1,2,7.093239963511593,False
596,20190613,612.6173742959318,767.16,534.65,418.88,7.126173742959318,7.126173742959318,0.0,-0.041501962815291504,1,3,7.126173742959318,False
597,20190614,613.8173935250497,765.11,540.81,417.89,7.138173935250498,7.138173935250498,0.0,-0.041501962815291504,1,4,7.138173935250498,False
598,20190617,613.1994961484907,766.31,536.16,420.87,7.1319949614849065,7.138173935250498,-0.000865623872665422,-0.041501962815291504,-1,-1,7.138173935250498,True
599,20190618,604.1142566681651,766.85,516.52,410.47,7.041142566681652,7.138173935250498,-0.013593304036719434,-0.041501962815291504,-1,-2,7.138173935250498,True
600,20190619,615.9533637687367,772.93,532.87,426.5,7.1595336376873675,7.1595336376873675,0.0,-0.041501962815291504,1,1,7.1595336376873675,False
601,20190620,620.3003753586426,787.19,529.29,423.94,7.203003753586426,7.203003753586426,0.0,-0.041501962815291504,1,2,7.203003753586426,False
602,20190621,617.6720218183181,794.04,518.36,416.07,7.17672021818318,7.203003753586426,-0.003648968722272161,-0.041501962815291504,-1,-1,7.203003753586426,True
603,20190624,621.6393621303246,798.09,524.8,415.19,7.216393621303245,7.216393621303245,0.0,-0.041501962815291504,1,1,7.216393621303245,False
604,20190625,634.4005397660312,817.12,532.55,423.58,7.344005397660312,7.344005397660312,0.0,-0.041501962815291504,1,2,7.344005397660312,False
605,20190626,639.6188205279533,819.9,538.63,432.55,7.3961882052795325,7.3961882052795325,0.0,-0.041501962815291504,1,3,7.3961882052795325,False
606,20190627,636.7280456433867,820.82,532.27,427.8,7.367280456433868,7.3961882052795325,-0.003908465826360397,-0.041501962815291504,-1,-1,7.3961882052795325,True
607,20190628,632.3719630023251,814.67,526.96,429.2,7.323719630023251,7.3961882052795325,-0.009798097782929838,-0.041501962815291504,-1,-2,7.3961882052795325,True
608,20190701,632.687713010616,815.63,526.69,429.2,7.32687713010616,7.3961882052795325,-0.009371188678500175,-0.041501962815291504,-1,-3,7.3961882052795325,True
609,20190702,641.1913566920263,832.41,528.86,431.4,7.411913566920263,7.411913566920263,0.0,-0.041501962815291504,1,1,7.411913566920263,False
610,20190703,639.3096841107451,829.92,526.92,430.97,7.393096841107451,7.411913566920263,-0.002538713605187204,-0.041501962815291504,-1,-1,7.411913566920263,True
611,20190704,643.5339386867122,832.25,534.14,433.72,7.435339386867122,7.435339386867122,0.0,-0.041501962815291504,1,1,7.435339386867122,False
612,20190705,638.9795083073595,818.92,536.99,434.55,7.3897950830735954,7.435339386867122,-0.006125383311213817,-0.041501962815291504,-1,-1,7.435339386867122,True
613,20190708,630.2108978996654,801.24,538.74,425.59,7.302108978996654,7.435339386867122,-0.017918537532501944,-0.041501962815291504,-1,-2,7.435339386867122,True
614,20190709,629.3038348679319,798.54,540.1,424.36,7.293038348679318,7.435339386867122,-0.019138472473650192,-0.041501962815291504,-1,-3,7.435339386867122,True
615,20190710,633.5402854956722,806.29,542.48,424.35,7.335402854956722,7.435339386867122,-0.013440749199278845,-0.041501962815291504,-1,-4,7.435339386867122,True
616,20190711,638.7212651186612,815.06,544.33,427.9,7.387212651186612,7.435339386867122,-0.006472701940884562,-0.041501962815291504,-1,-5,7.435339386867122,True
617,20190712,632.979472718503,798.42,547.94,428.55,7.329794727185029,7.435339386867122,-0.014195002297879511,-0.041501962815291504,-1,-6,7.435339386867122,True
618,20190715,634.3825459856323,797.81,553.94,425.72,7.343825459856323,7.435339386867122,-0.012307969044753841,-0.041501962815291504,-1,-7,7.435339386867122,True
619,20190716,636.6759685579027,797.35,560.62,425.81,7.366759685579027,7.435339386867122,-0.009223479618055586,-0.041501962815291504,-1,-8,7.435339386867122,True
620,20190717,640.2695375732667,806.38,561.47,422.59,7.402695375732667,7.435339386867122,-0.004390386159388249,-0.041501962815291504,-1,-9,7.435339386867122,True
621,20190718,635.8899808702578,812.69,547.42,412.88,7.358899808702578,7.435339386867122,-0.010280576875825953,-0.041501962815291504,-1,-10,7.435339386867122,True
622,20190719,632.3253678517444,805.03,546.87,412.66,7.323253678517444,7.435339386867122,-0.015074726588493403,-0.041501962815291504,-1,-11,7.435339386867122,True
623,20190722,632.4739344367167,809.15,544.84,408.16,7.324739344367167,7.435339386867122,-0.01487491515119077,-0.041501962815291504,-1,-12,7.435339386867122,True
624,20190723,624.7295172557726,800.05,535.01,407.34,7.247295172557727,7.435339386867122,-0.025290602691456665,-0.041501962815291504,-1,-13,7.435339386867122,True
625,20190724,624.659224054875,786.44,548.26,412.0,7.24659224054875,7.435339386867122,-0.025385142022131713,-0.041501962815291504,-1,-14,7.435339386867122,True
626,20190725,628.4878716941668,796.55,547.3,411.01,7.284878716941668,7.435339386867122,-0.020235884617615385,-0.041501962815291504,-1,-15,7.435339386867122,True
627,20190726,634.884834040732,802.09,553.16,420.31,7.34884834040732,7.435339386867122,-0.011632427514010835,-0.041501962815291504,-1,-16,7.435339386867122,True
628,20190729,620.9886223707007,788.36,533.84,416.28,7.209886223707007,7.435339386867122,-0.030321838914082244,-0.041501962815291504,-1,-17,7.435339386867122,True
629,20190730,631.5628486794205,808.6,537.75,418.11,7.315628486794205,7.435339386867122,-0.01610026037067791,-0.041501962815291504,-1,-18,7.435339386867122,True
630,20190731,615.8408890063988,770.82,539.48,418.11,7.158408890063988,7.435339386867122,-0.037245172330972576,-0.041501962815291504,-1,-19,7.435339386867122,True
631,20190801,611.8438801925413,763.6,538.42,415.68,7.118438801925413,7.435339386867122,-0.042620863480884896,-0.042620863480884896,-1,-20,7.435339386867122,True
632,20190802,624.3631391482521,780.71,544.03,431.11,7.243631391482521,7.435339386867122,-0.025783355057498958,-0.042620863480884896,-1,-21,7.435339386867122,True
633,20190805,626.1802656377508,780.94,544.95,438.12,7.261802656377508,7.435339386867122,-0.02333944981665914,-0.042620863480884896,-1,-22,7.435339386867122,True
634,20190806,627.2799935860018,788.63,540.45,435.25,7.272799935860018,7.435339386867122,-0.02186039433441256,-0.042620863480884896,-1,-23,7.435339386867122,True
635,20190807,643.2834462456566,825.58,540.45,435.25,7.432834462456566,7.435339386867122,-0.0003368944281119113,-0.042620863480884896,-1,-24,7.435339386867122,True
636,20190808,648.8186052440434,838.36,540.45,435.25,7.488186052440434,7.488186052440434,0.0,-0.042620863480884896,1,1,7.488186052440434,False
637,20190809,655.0693822091505,845.7,545.2,441.93,7.550693822091505,7.550693822091505,0.0,-0.042620863480884896,1,2,7.550693822091505,False
638,20190812,657.213302790036,849.78,546.71,441.0,7.57213302790036,7.57213302790036,0.0,-0.042620863480884896,1,3,7.57213302790036,False
639,20190813,657.3978365103959,854.08,546.39,433.06,7.573978365103959,7.573978365103959,0.0,-0.042620863480884896,1,4,7.573978365103959,False
640,20190814,649.9341473068105,840.8,542.31,432.04,7.499341473068105,7.573978365103959,-0.009854384108057834,-0.042620863480884896,-1,-1,7.573978365103959,True
641,20190816,647.7181891731561,846.28,534.72,422.99,7.477181891731561,7.573978365103959,-0.01278013597429506,-0.042620863480884896,-1,-2,7.573978365103959,True
