날짜,매수 종목수,매도 종목수,남은 종목수,일일수익률,누적수익률,총자산,남은 현금
20170102,5,2,3,3.53,3.53,10352549.00,6710664.00
20170103,2,3,2,0.75,4.30,10429957.00,7897789.00
20170104,3,2,3,-0.22,4.07,10407418.00,6710854.00
20170105,4,3,4,0.98,5.09,10509227.00,5519374.00
20170106,4,4,4,-0.45,4.62,10461900.00,5544840.00
20170109,2,4,2,0.55,5.19,10519236.00,7992338.00
20170110,4,2,4,0.31,5.51,10551419.00,5515784.00
20170111,2,4,2,0.68,6.24,10623675.00,8057025.00
20170112,2,2,2,0.04,6.27,10627460.00,8104738.00
20170113,4,4,2,0.78,7.11,10710797.00,8152976.00
20170116,6,3,5,0.02,7.13,10712633.00,4297963.00
20170117,3,5,3,0.93,8.12,10812384.00,6895374.00
20170118,5,2,6,-0.70,7.37,10737137.00,3151776.00
20170119,1,6,1,0.27,7.66,10766202.00,9451802.00
20170120,3,1,3,-0.69,6.92,10691756.00,6919941.00
20170123,3,3,3,-0.09,6.82,10682415.00,6900215.00
20170124,5,6,2,-2.59,4.06,10405919.00,7866948.00
20170125,4,2,4,0.72,4.81,10480957.00,6143375.00
20170126,4,4,4,1.01,5.87,10586722.00,5532375.00
20170131,1,4,1,1.04,6.96,10696469.00,9396689.00
20170201,3,1,3,0.35,7.34,10733591.00,6871856.00
20170202,3,3,3,-0.29,7.02,10702498.00,6891288.00
20170203,2,4,1,1.01,8.11,10810629.00,9533729.00
20170206,4,1,4,-0.57,7.49,10749134.00,5742624.00
20170207,2,4,2,0.20,7.70,10770297.00,8186617.00
20170208,4,2,4,-0.43,7.24,10723836.00,5666976.00
20170209,3,3,4,0.31,7.57,10757442.00,5584442.00
20170210,1,5,0,-1.08,6.41,10641324.00,10641324.00
20170213,5,0,5,0.50,6.95,10694759.00,4335889.00
20170214,3,5,3,1.88,8.96,10896119.00,7061989.00
20170215,2,3,2,0.84,9.87,10987102.00,8353803.00
20170216,3,2,3,0.82,10.77,11077233.00,7150143.00
20170217,3,2,4,-0.82,9.86,10985942.00,5746857.00
20170220,1,4,1,-0.24,9.59,10959321.00,9680862.00
20170221,5,1,5,0.86,10.54,11054070.00,4457380.00
20170222,2,5,2,0.55,11.15,11115011.00,8448075.00
20170223,1,2,1,0.32,11.51,11150778.00,9805778.00
20170224,1,1,1,0.08,11.60,11159578.00,9884188.00
20170227,1,1,1,-0.28,11.28,11127885.00,9834285.00
20170228,4,1,4,-0.29,10.96,11096147.00,5847819.00
20170302,3,5,2,1.50,12.62,11262175.00,8586115.00
20170303,4,3,3,0.31,12.98,11297539.00,7162194.00
20170306,3,3,3,-1.08,11.75,11174969.00,7263105.00
20170307,3,3,3,0.60,12.42,11242268.00,7213178.00
20170308,2,3,2,0.51,12.99,11299159.00,8560280.00
20170309,4,2,4,0.42,13.46,11346327.00,5956509.00
20170310,4,7,1,-1.83,11.39,11138689.00,9781609.00
20170313,3,2,2,1.71,13.30,11329633.00,8651648.00
20170314,3,3,3,1.14,14.59,11458867.00,7648255.00
20170315,4,4,3,-2.49,11.73,11173350.00,7176980.00
20170316,4,3,4,0.22,11.98,11197510.00,5970615.00
20170317,4,4,4,0.58,12.62,11261909.00,5897799.00
20170320,3,3,4,-1.05,11.43,11143345.00,5924018.00
20170321,3,4,3,0.32,11.79,11178907.00,7195730.00
20170322,4,4,3,1.72,13.71,11371426.00,7337221.00
20170323,2,2,3,-1.12,12.44,11243613.00,7298872.00
20170324,3,3,3,1.15,13.73,11373214.00,7419553.00
20170327,2,2,3,0.00,13.74,11373682.00,7356552.00
20170328,4,4,3,1.36,15.28,11528080.00,7485245.00
20170329,3,4,2,1.00,16.43,11642801.00,8836216.00
20170330,4,2,4,0.63,17.16,11715715.00,6105935.00
20170331,3,4,3,0.85,18.15,11814826.00,7616711.00
20170403,4,4,3,-0.67,17.36,11735678.00,7447368.00
20170404,5,5,3,-0.39,16.90,11690373.00,7613618.00
20170405,3,3,3,1.42,18.57,11856518.00,7570708.00
20170406,1,3,2,0.23,18.84,11883697.00,9468217.00
20170407,6,3,5,-1.31,17.28,11727807.00,4731227.00
20170410,3,4,4,-0.55,16.63,11663274.00,6166279.00
20170411,0,4,0,0.31,16.99,11698890.00,11698890.00
20170412,3,0,3,-0.19,16.77,11676860.00,7575700.00
20170413,5,4,4,-0.83,15.80,11579803.00,6056758.00
20170414,3,5,2,-0.15,15.63,11562997.00,8747017.00
20170417,0,2,0,0.47,16.17,11617356.00,11617356.00
20170418,2,0,2,0.54,16.81,11680566.00,8878816.00
20170419,3,2,3,0.31,17.17,11716773.00,7651888.00
20170420,4,3,4,-0.75,16.29,11629113.00,6201954.00
20170421,2,4,2,-0.06,16.22,11621650.00,8931724.00
20170424,5,4,3,-0.25,15.92,11592237.00,7441121.00
20170425,2,2,3,-0.89,14.89,11489030.00,7488830.00
20170426,2,2,3,0.10,15.01,11500657.00,7470547.00
20170427,5,3,5,-0.51,14.42,11441780.00,4664622.00
20170428,3,3,5,0.30,14.76,11476302.00,4701678.00
20170502,2,4,3,1.53,16.52,11652272.00,7608352.00
20170504,2,2,3,0.64,17.27,11726923.00,7591553.00
20170508,4,2,5,2.92,20.70,12069849.00,5170399.00
20170510,0,3,2,-0.88,19.63,11963080.00,9289000.00
20170511,5,2,5,1.32,21.22,12121556.00,5166956.00
20170512,1,4,3,-0.14,21.04,12104454.00,8682114.00
20170515,5,3,5,1.43,22.77,12277401.00,5198201.00
20170516,3,3,5,0.15,22.96,12295639.00,5178519.00
20170517,3,4,4,0.58,23.67,12366538.00,6656836.00
20170518,2,3,3,0.87,24.75,12474571.00,8072851.00
20170519,3,3,3,0.11,24.88,12488007.00,8022535.00
20170522,3,3,3,-0.09,24.77,12476540.00,8124406.00
20170523,3,5,1,-0.40,24.26,12426476.00,10819616.00
20170524,4,1,4,1.38,25.98,12598131.00,6526743.00
20170525,3,4,3,0.94,27.17,12716745.00,8194195.00
20170526,4,4,3,-0.85,26.09,12609032.00,8076568.00
20170529,2,3,2,1.01,27.37,12736888.00,9700588.00
20170530,3,2,3,-0.68,26.50,12649897.00,8329087.00
20170531,3,3,3,-0.05,26.44,12643647.00,8179247.00
20170601,5,3,5,0.78,27.43,12742722.00,5236427.00
20170602,3,5,3,0.44,27.99,12799410.00,8244900.00
20170605,3,3,3,0.24,28.30,12829715.00,8133595.00
20170607,1,2,2,-0.87,27.18,12718091.00,9734041.00
20170608,2,2,2,-0.51,26.54,12653737.00,9694197.00
20170609,2,2,2,-0.06,26.46,12646475.00,9618595.00
20170612,2,2,2,0.06,26.54,12654465.00,9692385.00
20170613,1,2,1,-0.13,26.38,12638404.00,11140214.00
20170614,3,1,3,0.06,26.46,12646403.00,8136358.00
20170615,3,3,3,1.02,27.75,12774881.00,8173621.00
20170616,2,4,1,2.10,30.43,13043030.00,11468630.00
20170619,3,2,2,-0.26,30.09,13009407.00,9903957.00
20170620,1,2,1,0.53,30.79,13078517.00,11519777.00
20170621,3,1,4,-0.33,30.35,13035006.00,7553211.00
20170622,3,5,4,2.40,33.48,13347622.00,9123872.00
20170623,2,4,2,-0.24,33.16,13316156.00,10165511.00
20170626,2,2,2,-0.44,32.58,13257942.00,10172937.00
20170627,1,2,1,1.97,35.19,13518991.00,11893741.00
20170628,1,1,1,-0.35,34.71,13471498.00,11896498.00
20170629,5,1,5,1.58,36.84,13684335.00,5755835.00
20170630,2,4,3,-1.29,35.08,13508488.00,8748053.00
20170703,2,3,2,0.03,35.13,13512544.00,10266119.00
20170704,6,2,6,-1.27,33.42,13341565.00,3913743.00
20170705,2,6,2,-0.07,33.32,13331630.00,10177630.00
20170706,5,2,5,0.04,33.37,13337322.00,5438637.00
20170707,3,5,3,1.22,34.99,13499405.00,8640235.00
20170710,2,2,3,0.35,35.47,13547224.00,8679202.00
20170711,2,3,2,-1.01,34.10,13409770.00,10251215.00
20170712,5,2,5,-0.24,33.78,13378219.00,5395691.00
20170713,2,5,2,1.60,35.92,13592256.00,10320116.00
20170714,2,2,2,0.72,36.90,13689879.00,10379886.00
20170717,2,2,2,1.19,38.53,13852709.00,10474198.00
20170718,0,2,0,0.48,39.20,13919888.00,13919888.00
20170719,3,0,3,0.79,40.29,14029308.00,8993302.00
20170720,0,3,0,0.69,41.26,14125702.00,14125702.00
20170721,1,0,1,-0.04,41.20,14119878.00,12448390.00
20170724,3,3,1,0.30,41.62,14161761.00,12516571.00
20170725,5,2,4,-1.26,39.84,13983796.00,7311616.00
20170726,4,4,5,1.16,41.46,14146409.00,6756236.00
20170727,2,6,2,1.77,43.96,14396340.00,12300585.00
20170728,5,1,7,-0.94,42.61,14260839.00,3871867.00
20170731,0,7,0,-0.82,41.44,14144225.00,14144225.00
20170801,0,0,0,0.00,41.44,14144225.00,14144225.00
20170802,0,0,0,0.00,41.44,14144225.00,14144225.00
20170803,2,0,2,0.47,42.10,14210485.00,10784725.00
20170804,0,2,0,-0.08,41.99,14199191.00,14199191.00
20170807,1,0,1,1.08,43.52,14351991.00,12516481.00
20170808,3,1,3,0.01,43.53,14353392.00,9305067.00
20170809,2,3,2,-0.12,43.37,14336560.00,10952159.00
20170810,1,2,1,-0.60,42.50,14250186.00,12597546.00
20170811,5,2,4,1.12,44.10,14409891.00,7673531.00
20170814,2,4,2,0.47,44.78,14477853.00,11072463.00
20170816,3,2,3,0.79,45.93,14592520.00,9400040.00
20170817,0,3,0,-1.39,43.90,14390028.00,14390028.00
20170818,5,1,4,2.06,46.87,14686914.00,7744259.00
20170821,0,4,0,0.06,46.96,14696324.00,14696324.00
20170822,4,0,4,-0.28,46.56,14655714.00,7721119.00
20170823,2,4,2,0.21,46.86,14686212.00,11223972.00
20170824,4,2,4,0.93,48.23,14823155.00,7742692.00
20170825,3,4,3,1.07,49.81,14981134.00,9552659.00
20170828,0,3,0,-0.19,49.52,14952211.00,14952211.00
20170829,7,1,6,-0.92,48.14,14814445.00,5643714.00
20170830,3,7,2,0.96,49.57,14956908.00,11498678.00
20170831,3,3,2,2.20,52.86,15286383.00,11645363.00
20170901,4,2,4,0.60,53.78,15377686.00,8074596.00
20170904,4,5,3,1.44,56.00,15599778.00,10305833.00
20170905,4,3,4,-1.26,54.03,15402672.00,8215784.00
20170906,4,4,4,0.08,54.14,15414403.00,8075651.00
20170907,4,4,4,0.57,55.02,15501765.00,8215416.00
20170908,2,4,2,-0.72,53.90,15389576.00,11836565.00
20170911,0,2,0,0.16,54.15,15414959.00,15414959.00
20170912,5,0,5,0.21,54.47,15446765.00,6270549.00
20170913,2,5,2,0.09,54.60,15460264.00,11791594.00
20170914,4,2,4,0.29,55.05,15504616.00,8105256.00
20170915,3,4,4,-0.06,54.96,15496009.00,8269802.00
20170918,2,4,2,0.43,55.63,15563072.00,11896052.00
20170919,5,3,4,0.70,56.72,15672056.00,8450396.00
20170920,4,5,3,-0.31,56.23,15623374.00,10253161.00
20170921,3,6,0,-0.91,54.81,15481125.00,15481125.00
20170922,4,1,3,1.36,56.92,15691564.00,10178799.00
20170925,0,3,0,-0.12,56.73,15673336.00,15673336.00
20170926,0,0,0,0.00,56.73,15673336.00,15673336.00
20170927,0,0,0,0.00,56.73,15673336.00,15673336.00
20170928,2,0,2,-0.64,55.72,15572346.00,11950846.00
20170929,4,2,4,-0.17,55.46,15546066.00,8201661.00
20171010,0,4,0,0.21,55.79,15579218.00,15579218.00
20171011,2,1,1,1.31,57.83,15782751.00,13924301.00
20171012,2,1,2,0.76,59.03,15903409.00,12061379.00
20171013,4,2,5,1.23,60.98,16098452.00,6855842.00
20171016,3,5,3,0.01,61.01,16100832.00,10394913.00
20171017,5,3,5,0.39,61.63,16162943.00,6563768.00
20171018,1,5,1,0.54,62.51,16250542.00,14299030.00
20171019,7,1,7,-0.67,61.42,16142331.00,2785159.00
20171020,1,6,3,0.35,61.98,16198113.00,11398073.00
20171023,2,3,2,0.34,62.53,16253444.00,12375844.00
20171024,3,2,3,0.77,63.78,16377893.00,10512493.00
20171025,4,3,4,1.76,66.66,16666377.00,8972725.00
20171026,3,4,3,0.94,68.23,16822874.00,11038839.00
20171027,1,3,1,0.57,69.19,16919418.00,14853018.00
20171030,4,1,4,0.65,70.30,17029707.00,8967062.00
20171031,1,4,1,0.87,71.77,17177115.00,15086565.00
20171101,5,1,5,0.65,72.90,17289609.00,7035434.00
20171102,2,5,2,0.75,74.19,17419154.00,13332006.00
20171103,6,2,6,0.32,74.76,17475562.00,5079714.00
20171106,1,5,3,-0.07,74.63,17462793.00,11688523.00
20171107,4,3,4,1.39,77.06,17706202.00,9137070.00
20171108,4,4,4,0.89,78.64,17864190.00,9369280.00
20171109,4,4,4,0.25,79.10,17909575.00,9389250.00
20171110,4,4,5,-0.45,78.28,17828089.00,9235874.00
20171113,1,5,1,0.09,78.45,17845021.00,15729221.00
20171114,4,1,4,0.48,79.31,17930530.00,11463890.00
20171115,3,4,3,1.40,81.82,18182213.00,13865663.00
20171116,4,4,3,-1.05,79.91,17991041.00,11578778.00
20171117,2,3,2,0.63,81.04,18104004.00,13687424.00
20171120,3,4,1,3.10,86.64,18664378.00,16395178.00
20171121,7,2,6,2.67,91.63,19162731.00,5693726.00
20171122,2,6,2,0.40,92.39,19239114.00,14787804.00
20171123,0,2,0,-0.05,92.29,19228867.00,19228867.00
20171124,8,1,7,2.56,97.21,19721442.00,3544312.00
20171127,1,5,3,0.17,97.55,19755490.00,13035790.00
20171128,0,3,0,-0.07,97.42,19741869.00,19741869.00
20171129,0,0,0,0.00,97.42,19741869.00,19741869.00
20171130,0,0,0,0.00,97.42,19741869.00,19741869.00
20171201,0,0,0,0.00,97.42,19741869.00,19741869.00
20171204,0,0,0,0.00,97.42,19741869.00,19741869.00
20171205,5,1,4,0.00,97.41,19740933.00,10620888.00
20171206,2,5,1,-0.53,96.36,19636418.00,17297468.00
20171207,0,1,0,0.19,96.74,19673827.00,19673827.00
20171208,0,0,0,0.00,96.74,19673827.00,19673827.00
20171211,0,0,0,0.00,96.74,19673827.00,19673827.00
20171212,7,0,7,0.26,97.26,19725502.00,3331595.00
20171213,1,7,1,-0.21,96.83,19683108.00,17376858.00
20171214,3,1,3,0.20,97.23,19723401.00,12570031.00
20171215,1,3,1,1.80,100.78,20078095.00,17639495.00
20171218,3,1,3,0.20,101.19,20119062.00,12959722.00
20171219,5,7,1,-3.85,93.45,19344892.00,17049261.00
20171220,4,2,3,-0.19,93.08,19307799.00,12329343.00
20171221,2,4,1,1.74,96.44,19643509.00,17357759.00
20171222,0,1,0,-0.04,96.36,19635967.00,19635967.00
20171226,0,0,0,0.00,96.36,19635967.00,19635967.00
20171227,0,0,0,0.00,96.36,19635967.00,19635967.00
20171228,5,1,4,0.10,96.55,19655119.00,10205319.00
20180102,0,4,0,0.60,97.73,19772944.00,19772944.00
20180103,5,0,5,1.39,100.48,20048419.00,8080269.00
20180104,3,6,2,0.92,102.32,20232224.00,15613624.00
20180105,3,3,2,1.53,105.41,20541226.00,15749856.00
20180108,4,3,3,2.33,110.21,21020565.00,13534555.00
20180109,3,3,3,-2.39,105.19,20518528.00,13281078.00
20180110,5,3,5,-0.03,105.12,20511775.00,8379005.00
20180111,3,7,1,-1.97,101.07,20106982.00,17740442.00
20180112,6,2,5,1.48,104.05,20405335.00,8613985.00
20180115,2,5,2,-0.20,103.65,20364665.00,15553595.00
20180116,6,4,4,0.87,105.41,20541060.00,10855520.00
20180117,2,4,2,-1.77,101.78,20178188.00,15425205.00
20180118,0,2,0,0.06,101.90,20189760.00,20189760.00
20180119,6,0,6,-0.39,101.11,20110690.00,5844910.00
20180122,0,6,0,-0.01,101.08,20108257.00,20108257.00
20180123,0,0,0,0.00,101.08,20108257.00,20108257.00
20180124,0,0,0,0.00,101.08,20108257.00,20108257.00
20180125,0,0,0,0.00,101.08,20108257.00,20108257.00
20180126,3,0,3,-0.13,100.82,20082007.00,12953767.00
20180129,4,3,4,1.60,104.02,20402418.00,10550118.00
20180130,4,4,4,-1.46,101.04,20103639.00,10542089.00
20180131,4,5,3,1.32,103.69,20369209.00,13082706.00
20180201,0,3,0,-0.15,103.39,20339315.00,20339315.00
20180202,0,0,0,0.00,103.39,20339315.00,20339315.00
20180205,0,0,0,0.00,103.39,20339315.00,20339315.00
20180206,0,0,0,0.00,103.39,20339315.00,20339315.00
20180207,0,0,0,0.00,103.39,20339315.00,20339315.00
20180208,0,0,0,0.00,103.39,20339315.00,20339315.00
20180209,0,0,0,0.00,103.39,20339315.00,20339315.00
20180212,0,0,0,0.00,103.39,20339315.00,20339315.00
20180213,6,5,1,-2.47,98.37,19836773.00,17484128.00
20180214,3,2,2,1.48,101.30,20130243.00,15332678.00
20180219,4,3,3,1.50,104.33,20432797.00,13244895.00
20180220,4,3,4,0.27,104.88,20487635.00,10732802.00
20180221,2,5,1,0.76,106.44,20644040.00,18166030.00
20180222,5,2,4,2.93,112.49,21248886.00,11129016.00
20180223,3,3,4,-0.63,111.15,21115315.00,11191597.00
20180226,3,5,2,0.57,112.35,21235234.00,16146754.00
20180227,4,2,4,0.16,112.69,21269345.00,11131982.00
20180228,4,3,5,-0.60,111.42,21142312.00,8616707.00
20180302,3,6,2,-0.80,109.74,20974027.00,15792732.00
20180305,4,2,4,0.22,110.21,21020836.00,11034166.00
20180306,0,4,0,0.58,111.42,21142290.00,21142290.00
20180307,4,0,4,-0.30,110.80,21079790.00,11148055.00
20180308,3,4,3,0.49,111.83,21183110.00,13563245.00
20180309,2,5,0,4.40,121.16,22116106.00,22116106.00
20180312,2,0,2,-0.04,121.08,22107916.00,16881854.00
20180313,4,3,3,-0.77,119.37,21937235.00,14095085.00
20180314,3,2,4,-0.38,118.53,21853085.00,11479015.00
20180315,4,4,4,0.05,118.64,21863763.00,11370019.00
20180316,2,4,2,0.18,119.03,21902884.00,16664984.00
20180319,3,3,2,2.05,123.51,22351276.00,16911231.00
20180320,6,2,6,2.26,128.57,22857324.00,6582518.00
20180321,1,6,2,-0.16,128.22,22821508.00,18673743.00
20180322,4,3,3,-0.14,127.89,22788665.00,14527515.00
20180323,0,2,1,-1.67,124.09,22409175.00,19850775.00
20180326,0,1,0,-0.04,124.01,22400712.00,22400712.00
20180327,0,0,0,0.00,124.01,22400712.00,22400712.00
20180328,0,0,0,0.00,124.01,22400712.00,22400712.00
20180329,7,1,6,-1.44,120.77,22077130.00,6257170.00
20180330,1,6,1,-0.13,120.48,22048262.00,19449992.00
20180402,5,1,5,0.25,121.03,22102539.00,9018169.00
20180403,3,7,1,2.82,127.26,22726152.00,20018952.00
20180404,4,1,4,0.88,129.27,22926685.00,11934640.00
20180405,2,5,1,-0.79,127.46,22746111.00,20048461.00
20180406,2,1,2,0.25,128.04,22803807.00,17336509.00
20180409,4,2,4,2.01,132.61,23261157.00,12279382.00
20180410,2,4,3,-0.24,132.04,23204273.00,14947213.00
20180411,4,3,4,-0.06,131.91,23190823.00,12171873.00
20180412,3,4,3,-0.75,130.18,23018010.00,15028419.00
20180413,4,3,4,0.99,132.45,23245419.00,12339109.00
20180416,3,4,3,0.68,134.03,23402817.00,15023117.00
20180417,3,4,2,2.22,139.23,23922817.00,18197217.00
20180418,6,3,5,-0.64,137.70,23769994.00,9770104.00
20180419,1,5,1,-1.11,135.05,23505162.00,20693392.00
20180420,0,1,0,0.20,135.52,23551606.00,23551606.00
20180423,6,1,5,1.44,138.90,23890153.00,9881198.00
20180424,0,5,0,0.32,139.66,23966300.00,23966300.00
20180425,0,0,0,0.00,139.66,23966300.00,23966300.00
20180426,0,0,0,0.00,139.66,23966300.00,23966300.00
20180427,5,1,4,2.02,144.50,24449880.00,12895325.00
20180430,4,6,2,1.80,148.90,24889569.00,18991374.00
20180502,5,2,5,-0.42,147.85,24785059.00,10093309.00
20180503,2,5,2,-2.54,141.55,24155074.00,18319114.00
20180504,5,2,5,2.09,146.60,24660342.00,10037687.00
20180508,3,4,4,0.08,146.80,24679545.00,12944755.00
20180509,0,2,2,-0.98,144.38,24437596.00,18731946.00
20180510,1,2,1,0.25,144.98,24498189.00,21515989.00
20180511,5,2,4,1.11,147.71,24770926.00,13236691.00
20180514,1,4,1,0.08,147.90,24789869.00,21764644.00
20180515,4,2,3,1.39,151.34,25134406.00,16322326.00
20180516,5,5,3,-3.38,142.86,24285574.00,15657334.00
20180517,3,5,1,0.09,143.07,24307400.00,21510060.00
20180518,5,2,4,1.73,147.27,24727152.00,13083042.00
20180521,1,4,1,-1.42,143.75,24374885.00,21593855.00
20180523,7,2,6,0.75,145.57,24556608.00,7303218.00
20180524,2,7,1,-1.37,142.20,24219887.00,21402607.00
20180525,5,4,2,2.40,148.01,24801468.00,18911028.00
20180528,6,2,6,0.11,148.29,24828856.00,7200146.00
20180529,2,6,2,0.79,150.25,25024917.00,19313597.00
20180530,3,2,3,0.65,151.88,25187903.00,16064778.00
20180531,5,4,4,-0.80,149.86,24986243.00,12999928.00
20180601,3,6,1,-1.16,146.96,24695839.00,21830879.00
20180604,0,1,0,0.22,147.50,24750118.00,24750118.00
20180605,8,1,7,0.84,149.58,24957835.00,4574165.00
20180607,1,7,1,1.56,153.48,25347674.00,22464024.00
20180608,6,1,6,0.74,155.35,25535069.00,7440981.00
20180611,2,7,1,-0.26,154.69,25469017.00,22578507.00
20180612,7,5,3,-1.26,151.47,25147497.00,16077171.00
20180614,5,4,4,-0.55,150.08,25008026.00,12942802.00
20180615,0,4,0,0.50,151.34,25134181.00,25134181.00
20180618,8,0,8,0.10,151.59,25158816.00,1281546.00
20180619,0,7,1,-1.36,148.17,24816713.00,22014898.00
20180620,0,1,0,0.01,148.20,24819636.00,24819636.00
20180621,0,0,0,0.00,148.20,24819636.00,24819636.00
20180622,4,0,4,-0.69,146.47,24647311.00,13120636.00
20180625,4,6,2,1.87,151.09,25109128.00,18946888.00
20180626,4,2,4,0.85,153.23,25323386.00,13110796.00
20180627,3,5,2,2.21,158.84,25883747.00,19838397.00
20180628,4,4,2,0.82,160.95,26094886.00,19864996.00
20180629,4,3,3,-1.38,157.34,25734294.00,16540249.00
20180702,3,4,2,1.93,162.30,26229940.00,20031135.00
20180703,0,2,0,-1.19,159.17,25916629.00,25916629.00
20180704,7,2,5,-0.81,157.06,25705755.00,10149978.00
20180705,2,5,2,-0.19,156.57,25657127.00,19565862.00
20180706,5,3,4,-1.23,153.40,25340404.00,13216549.00
20180709,2,4,2,0.82,155.47,25547410.00,19358065.00
20180710,5,3,4,-0.16,155.06,25505889.00,13219909.00
20180711,4,2,6,-0.33,154.20,25420452.00,7224600.00
20180712,2,5,3,-0.23,153.62,25361727.00,16133547.00
20180713,2,4,1,1.26,156.81,25681183.00,22686783.00
20180716,6,1,6,0.97,159.30,25929620.00,7430400.00
20180717,2,5,3,-0.55,157.87,25786813.00,16785733.00
20180718,3,3,3,-0.49,156.60,25660118.00,16616713.00
20180719,1,3,1,0.61,158.16,25816439.00,22660919.00
20180720,0,1,0,-0.04,158.06,25806043.00,25806043.00
20180723,0,0,0,0.00,158.06,25806043.00,25806043.00
20180724,0,0,0,0.00,158.06,25806043.00,25806043.00
20180725,0,0,0,0.00,158.06,25806043.00,25806043.00
20180726,0,0,0,0.00,158.06,25806043.00,25806043.00
20180727,3,0,3,0.94,160.48,26047803.00,16611673.00
20180730,3,3,3,1.07,163.27,26327234.00,16796024.00
20180731,4,4,3,0.88,165.60,26559992.00,17332567.00
20180801,3,3,3,1.37,169.23,26922541.00,17218711.00
20180802,2,2,3,-0.67,167.41,26741453.00,17288373.00
20180803,3,3,3,0.13,167.76,26775925.00,17205235.00
20180806,2,3,3,0.05,167.89,26788911.00,18902574.00
20180807,5,3,5,2.43,174.39,27439275.00,11230155.00
20180808,3,5,3,0.87,176.79,27678887.00,17741712.00
20180809,5,4,4,1.48,180.89,28088545.00,14839555.00
20180810,4,5,3,3.21,189.91,28990779.00,19029479.00
20180813,3,3,3,-1.64,185.16,28515895.00,18602415.00
20180814,0,3,0,0.09,185.41,28541317.00,28541317.00
20180816,0,0,0,0.00,185.41,28541317.00,28541317.00
20180817,0,0,0,0.00,185.41,28541317.00,28541317.00
20180820,4,0,4,0.29,186.25,28624539.00,15006617.00
20180821,1,5,0,1.25,189.82,28981717.00,28981717.00
20180822,4,1,3,1.36,193.77,29377222.00,19037227.00
20180823,2,3,2,0.38,194.88,29487818.00,22441898.00
20180824,3,3,2,1.91,200.51,30051115.00,22969785.00
20180827,3,2,3,0.72,202.69,30268831.00,19353281.00
20180828,5,4,4,1.24,206.45,30645308.00,16294238.00
20180829,4,4,4,-1.72,201.20,30119640.00,15905880.00
20180830,4,3,5,2.12,207.59,30758717.00,12276817.00
20180831,2,5,2,-0.20,206.99,30698508.00,23455058.00
20180903,1,2,1,0.38,208.14,30813997.00,27069389.00
20180904,5,1,5,0.88,210.85,31084745.00,12517585.00
20180905,3,5,3,0.10,211.16,31116307.00,20047307.00
20180906,4,3,4,0.66,213.22,31322187.00,16528317.00
20180907,4,4,5,0.19,213.82,31381721.00,12656131.00
20180910,2,5,2,1.05,217.12,31712105.00,24639465.00
20180911,2,2,2,0.27,217.96,31796186.00,24308961.00
20180912,6,2,6,-0.57,216.15,31614709.00,9141074.00
20180913,2,5,3,-0.48,214.63,31463207.00,20364597.00
20180914,5,4,4,0.18,215.20,31520137.00,16560017.00
20180917,0,4,0,0.16,215.71,31570933.00,31570933.00
20180918,2,0,2,-0.09,215.43,31543263.00,24209623.00
20180919,6,5,3,-3.61,204.05,30405456.00,19620896.00
20180920,2,3,2,0.03,204.16,30415995.00,23121535.00
20180921,3,1,4,-0.17,203.63,30362938.00,15654133.00
20180927,1,4,1,0.00,203.64,30364360.00,26779360.00
20180928,6,2,5,2.74,211.96,31196403.00,12756953.00
20181001,2,5,2,0.47,213.45,31344570.00,25023370.00
20181002,5,4,3,0.52,215.08,31508163.00,20375023.00
20181004,0,3,0,-0.12,214.71,31471430.00,31471430.00
20181005,0,0,0,0.00,214.71,31471430.00,31471430.00
20181008,0,0,0,0.00,214.71,31471430.00,31471430.00
20181010,0,0,0,0.00,214.71,31471430.00,31471430.00
20181011,0,0,0,0.00,214.71,31471430.00,31471430.00
20181012,0,0,0,0.00,214.71,31471430.00,31471430.00
20181015,0,0,0,0.00,214.71,31471430.00,31471430.00
20181016,1,0,1,0.10,215.03,31503155.00,27740570.00
20181017,5,1,5,0.09,215.30,31530330.00,12788889.00
20181018,3,6,3,1.38,219.66,31966470.00,23129940.00
20181019,6,4,5,1.61,224.81,32480586.00,13430496.00
20181022,0,5,0,-0.01,224.77,32477218.00,32477218.00
20181023,7,1,6,-1.47,220.01,32000537.00,9169797.00
20181024,0,6,0,0.41,221.33,32132930.00,32132930.00
20181025,1,1,0,1.18,225.13,32513476.00,32513476.00
20181026,0,0,0,0.00,225.13,32513476.00,32513476.00
20181029,0,0,0,0.00,225.13,32513476.00,32513476.00
20181030,0,0,0,0.00,225.13,32513476.00,32513476.00
20181031,0,0,0,0.00,225.13,32513476.00,32513476.00
20181101,6,0,6,3.48,236.45,33645026.00,9345481.00
20181102,0,6,0,0.79,239.11,33911011.00,33911011.00
20181105,0,0,0,0.00,239.11,33911011.00,33911011.00
20181106,2,0,2,0.32,240.18,34017891.00,25865751.00
20181107,4,3,3,-0.33,239.07,33906659.00,21670939.00
20181108,2,5,0,2.74,248.35,34835341.00,34835341.00
20181109,2,0,2,-0.60,246.25,34625151.00,26563471.00
20181112,4,2,4,-0.33,245.11,34510907.00,18042625.00
20181113,4,4,4,0.39,246.46,34645899.00,17847939.00
20181114,4,3,5,-1.53,241.17,34116706.00,13956336.00
20181115,2,5,2,-1.20,237.06,33706334.00,25675154.00
20181116,1,2,1,-0.01,237.04,33704335.00,29676525.00
20181119,1,1,1,0.15,237.55,33754609.00,29699169.00
20181120,3,1,3,0.50,239.24,33923874.00,21784714.00
20181121,4,3,4,-0.66,237.01,33701324.00,17704124.00
20181122,4,4,5,-0.34,235.85,33585404.00,15802004.00
20181123,3,6,2,-1.43,231.05,33104739.00,25173979.00
20181126,4,2,4,1.01,234.38,33438281.00,17449221.00
20181127,2,4,3,0.66,236.59,33659452.00,25607082.00
20181128,5,5,3,0.33,237.71,33770744.00,21860289.00
20181129,5,3,5,0.13,238.14,33814166.00,13869441.00
20181130,2,5,2,-0.74,235.65,33564963.00,25733553.00
20181203,5,4,3,3.87,248.65,34864522.00,22450512.00
20181204,4,4,3,1.34,253.32,35331968.00,22831038.00
20181205,5,3,5,2.85,263.40,36340418.00,14425398.00
20181206,3,5,3,-1.46,258.10,35809915.00,23253630.00
20181207,0,3,0,0.15,258.62,35861967.00,35861967.00
20181210,0,0,0,0.00,258.62,35861967.00,35861967.00
20181211,0,0,0,0.00,258.62,35861967.00,35861967.00
20181212,0,0,0,0.00,258.62,35861967.00,35861967.00
20181213,2,1,1,1.47,263.91,36390675.00,32052855.00
20181214,0,1,0,-0.04,263.76,36376372.00,36376372.00
20181217,2,0,2,-0.36,262.47,36246694.00,31806641.00
20181218,6,3,5,0.88,265.67,36567316.00,19294331.00
20181219,3,5,3,0.31,266.82,36682260.00,23805655.00
20181220,3,3,3,-0.02,266.76,36676496.00,23517491.00
20181221,3,3,3,0.57,268.85,36884540.00,23611610.00
20181224,3,4,2,0.87,272.04,37204150.00,28590040.00
20181226,2,2,2,-1.87,265.08,36507711.00,28206394.00
20181227,2,3,1,-0.52,263.17,36317043.00,31860403.00
20181228,6,1,6,0.34,264.41,36441256.00,14474506.00
20190102,0,6,0,0.69,266.92,36691903.00,36691903.00
20190103,1,0,1,0.17,267.55,36755383.00,32332943.00
20190104,7,1,7,1.19,271.91,37191237.00,6266447.00
20190107,1,7,1,0.05,272.09,37208992.00,32741442.00
20190108,5,1,5,1.45,277.47,37747016.00,15134761.00
20190109,3,5,3,0.80,280.49,38048640.00,24202005.00
20190110,3,3,3,0.64,282.92,38292113.00,24412298.00
20190111,5,3,5,0.65,285.41,38540858.00,16194883.00
20190114,0,5,0,0.23,286.31,38630544.00,38630544.00
20190115,3,0,3,0.16,286.92,38691624.00,24894284.00
20190116,2,3,2,0.76,289.86,38985934.00,29630465.00
20190117,6,3,5,2.19,298.41,39840620.00,16750854.00
20190118,2,5,2,0.32,299.69,39968974.00,30399744.00
20190121,4,2,4,1.72,306.55,40655398.00,21127218.00
20190122,4,4,4,-0.92,302.81,40280526.00,21395846.00
20190123,4,4,4,0.67,305.49,40548733.00,21077273.00
20190124,2,4,2,0.03,305.59,40559289.00,30960329.00
20190125,3,2,3,0.45,307.42,40742475.00,26179475.00
20190128,1,3,1,-0.43,305.66,40565765.00,35963895.00
20190129,6,1,6,-0.06,305.40,40540180.00,11666240.00
20190130,2,6,2,-0.66,302.74,40274255.00,30769365.00
20190131,5,2,5,-0.02,302.68,40267618.00,16337043.00
20190201,2,5,2,-2.11,294.20,39419580.00,30164715.00
20190207,2,2,2,-0.20,293.40,39339807.00,29711717.00
20190208,5,1,6,0.20,294.19,39418848.00,11189148.00
20190211,1,6,1,-0.21,293.37,39337219.00,34700379.00
20190212,5,1,5,1.20,298.10,39810302.00,15966642.00
20190213,2,5,2,0.04,298.27,39827317.00,30324952.00
20190214,4,2,4,0.48,300.20,40019558.00,21043763.00
20190215,4,3,5,-0.45,298.39,39839417.00,16176402.00
20190218,0,5,0,-0.08,298.07,39806549.00,39806549.00
20190219,8,0,8,0.88,301.57,40157349.00,2052229.00
20190220,0,7,1,-0.29,300.43,40042581.00,35503071.00
20190221,6,1,6,0.64,302.98,40298307.00,11511962.00
20190222,2,6,2,-0.76,299.90,39990386.00,30562156.00
20190225,4,3,3,2.04,308.08,40808041.00,26380791.00
20190226,4,4,3,0.79,311.30,41129709.00,26760134.00
20190227,5,4,4,0.87,314.86,41485949.00,22027324.00
20190228,3,7,0,-2.54,304.33,40432743.00,40432743.00
20190304,0,0,0,0.00,304.33,40432743.00,40432743.00
20190305,5,0,5,1.00,308.35,40835138.00,21201998.00
20190306,4,5,4,1.88,316.02,41602422.00,21486492.00
20190307,3,3,4,-0.58,313.62,41361766.00,21686876.00
20190308,3,4,3,1.12,318.25,41825381.00,26563016.00
20190311,5,3,5,1.95,326.39,42639249.00,17437716.00
20190312,2,5,2,-1.07,321.82,42182493.00,31966593.00
20190313,3,3,2,2.27,331.41,43141440.00,32635415.00
20190314,4,2,4,0.67,334.30,43430037.00,22669297.00
20190315,3,4,3,-0.37,332.68,43267907.00,27995657.00
20190318,2,3,2,0.86,336.40,43639552.00,33068852.00
20190319,3,2,3,0.59,338.95,43895361.00,28122461.00
20190320,3,2,4,-1.15,333.91,43390850.00,23016900.00
20190321,3,5,2,0.92,337.91,43791250.00,33619000.00
20190322,0,2,0,0.01,337.96,43796242.00,43796242.00
20190325,7,0,7,-0.02,337.89,43788932.00,7528882.00
20190326,0,7,0,0.27,339.09,43909058.00,43909058.00
20190327,8,1,7,2.61,350.56,45056426.00,7981566.00
20190328,1,7,1,-0.76,347.15,44714712.00,39548632.00
20190329,3,1,3,0.97,351.50,45149535.00,28786385.00
20190401,1,3,1,0.57,354.07,45407465.00,39816215.00
20190402,6,1,6,1.17,359.41,45940760.00,23396345.00
20190403,3,6,3,-0.36,357.74,45774045.00,29584115.00
20190404,3,4,2,2.34,368.45,46844589.00,35836324.00
20190405,3,2,3,-0.15,367.75,46774569.00,30188964.00
20190408,3,3,3,0.10,368.21,46820855.00,30122110.00
20190409,3,3,3,-0.01,368.18,46817782.00,30107432.00
20190410,4,3,4,0.60,370.96,47096389.00,24444369.00
20190411,4,3,5,-0.54,368.40,46840458.00,19070083.00
20190412,1,5,1,-0.15,367.71,46770795.00,41362795.00
20190415,3,1,3,0.21,368.70,46869733.00,30253753.00
20190416,2,3,2,0.64,371.71,47170982.00,35659222.00
20190417,5,2,5,0.20,372.65,47265390.00,19061845.00
20190418,3,6,2,-0.96,368.13,46813208.00,35249633.00
20190419,0,1,1,-0.65,365.09,46508981.00,40687231.00
20190422,3,2,2,1.64,372.74,47273723.00,35952238.00
20190423,5,4,3,3.38,388.73,48872888.00,31742733.00
20190424,5,2,6,-1.38,381.99,48198759.00,14322299.00
20190425,2,7,1,-1.58,374.39,47439162.00,41974362.00
20190426,4,1,4,0.26,375.64,47564422.00,24954120.00
20190429,0,4,0,0.51,378.08,47807772.00,47807772.00
20190430,7,0,7,0.40,379.97,47996792.00,8069527.00
20190502,1,8,0,1.73,388.27,48826768.00,48826768.00
20190503,8,1,7,0.58,391.11,49110878.00,8950448.00
20190507,1,6,2,-1.15,385.48,48548352.00,37400842.00
20190508,5,3,4,0.86,389.67,48967221.00,25759376.00
20190509,4,5,3,3.07,404.71,50470598.00,32943143.00
20190510,0,3,0,-0.88,400.27,50026517.00,50026517.00
20190513,0,0,0,0.00,400.27,50026517.00,50026517.00
20190514,0,0,0,0.00,400.27,50026517.00,50026517.00
20190515,4,0,4,0.73,403.91,50391487.00,26280547.00
20190516,4,4,4,-0.07,403.58,50357686.00,25984786.00
20190517,2,4,2,0.43,405.74,50574075.00,38565675.00
20190520,4,2,4,0.81,409.84,50983700.00,26562750.00
20190521,3,4,3,-0.31,408.27,50826624.00,32715024.00
20190522,2,3,2,1.67,416.74,51673611.00,39788611.00
20190523,4,3,3,0.09,417.18,51717658.00,33847598.00
20190524,2,2,3,-0.93,412.39,51238801.00,32968793.00
20190527,2,4,1,2.45,424.93,52492984.00,46279984.00
20190528,3,1,3,0.21,426.01,52600757.00,35566177.00
20190529,5,3,5,-0.39,423.96,52395619.00,21344409.00
20190530,2,5,3,-1.56,415.79,51579194.00,33551714.00
20190531,4,4,3,-2.13,404.81,50481198.00,32665108.00
20190603,2,3,3,-0.23,403.67,50366628.00,37061578.00
20190604,2,5,1,2.60,416.74,51674215.00,51412395.00
20190605,4,2,3,-1.54,408.77,50877371.00,32866006.00
20190607,2,3,2,0.11,409.33,50933338.00,38782888.00
20190610,4,2,4,-0.73,405.62,50562351.00,26779001.00
20190611,4,5,3,2.92,420.39,52038968.00,33307468.00
20190612,4,3,4,0.00,420.36,52036396.00,27211246.00
20190613,3,4,3,-0.29,418.88,51887571.00,33449516.00
20190614,4,3,4,-0.19,417.89,51788570.00,27490670.00
20190617,4,5,3,0.58,420.87,52086653.00,33942093.00
20190618,5,4,4,-2.00,410.47,51047351.00,26947381.00
20190619,4,4,4,3.14,426.50,52649933.00,27292208.00
20190620,2,3,3,-0.49,423.94,52393715.00,33927535.00
20190621,4,3,4,-1.50,416.07,51606762.00,27478352.00
20190624,2,4,2,-0.17,415.19,51518643.00,39207743.00
20190625,5,3,5,1.63,423.58,52358026.00,27587071.00
20190626,3,5,3,1.71,432.55,53255319.00,34142689.00
20190627,4,4,3,-0.89,427.80,52780455.00,34015915.00
20190628,0,3,0,0.26,429.20,52920228.00,52920228.00
20190701,0,0,0,0.00,429.20,52920228.00,52920228.00
20190702,2,0,2,0.42,431.40,53140473.00,40369603.00
20190703,6,4,4,-0.08,430.97,53097038.00,28043813.00
20190704,2,4,2,0.52,433.72,53371844.00,40479624.00
20190705,4,2,5,0.16,434.55,53454592.00,22314842.00
20190708,3,5,4,-1.68,425.59,52558925.00,29119085.00
20190709,0,4,1,-0.23,424.36,52435651.00,52223651.00
20190710,0,1,0,0.00,424.35,52435321.00,52435321.00
20190711,5,1,4,0.68,427.90,52790274.00,28175294.00
20190712,4,3,5,0.12,428.55,52855125.00,21574175.00
20190715,1,5,2,-0.54,425.72,52572211.00,43422361.00
20190716,1,2,1,0.02,425.81,52581185.00,46512185.00
20190717,5,1,5,-0.61,422.59,52259252.00,21430862.00
20190718,3,5,4,-1.86,412.88,51287536.00,31950026.00
20190719,4,4,4,-0.04,412.66,51266420.00,26911000.00
20190722,3,5,2,-0.88,408.16,50816044.00,38570214.00
20190723,4,3,3,-0.16,407.34,50733974.00,37727504.00
20190724,2,4,1,0.92,412.00,51199716.00,45396816.00
20190725,1,1,1,-0.19,411.01,51101218.00,45111918.00
20190726,6,2,5,1.82,420.31,52031132.00,22738362.00
20190729,2,5,2,-0.77,416.28,51628181.00,39691471.00
20190730,0,2,0,0.35,418.11,51810812.00,51810812.00
20190731,0,0,0,0.00,418.11,51810812.00,51810812.00
20190801,3,1,2,-0.47,415.68,51568103.00,38999663.00
20190802,5,3,4,2.99,431.11,53110726.00,33282506.00
20190805,1,4,1,1.32,438.12,53811723.00,47701983.00
20190806,0,1,0,-0.53,435.25,53525033.00,53525033.00
20190807,0,0,0,0.00,435.25,53525033.00,53525033.00
20190808,0,0,0,0.00,435.25,53525033.00,53525033.00
20190809,1,1,0,1.25,441.93,54192769.00,54192769.00
20190812,4,0,4,-0.17,441.00,54099769.00,28481779.00
20190813,2,5,1,-1.47,433.06,53306161.00,46907761.00
20190814,6,3,4,-0.19,432.04,53204419.00,27212479.00
20190816,4,3,5,-1.70,422.99,52299302.00,20996942.00
